event_id_norm,carrier_id,carrier_name,actual_receiver_id,actual_receiver_name,chosen_option_value,xpass_completion,xthreat,best_option_id,best_option_name,best_option_value,decision_gap,model_best_option_chosen
8_1,809070,E. Cox,51686.0,A. Goodwin,0.00099432,0.8286,0.0012,51646,J. Yull,0.0010556,6.128000000000015e-05,0
8_6,50959,S. Mauk,51686.0,A. Goodwin,0.00664872,0.4262,0.0156,51686,A. Goodwin,0.00664872,0.0,1
8_7,28293,Léo Sena,51000.0,J. Courtney-Perkins,0.0007656,0.957,0.0008,51000,J. Courtney-Perkins,0.0007656,0.0,1
8_8,51000,J. Courtney-Perkins,17231.0,P. Klimala,0.0023455,0.4691,0.005,17231,P. Klimala,0.0023455,0.0,1
8_10,26766,B. Vriends,809759.0,P. Kikianis,0.0,0.9953,0.0,809070,E. Cox,0.0,0.0,0
8_11,809759,P. Kikianis,973078.0,F. Talladira,9.947000000000001e-05,0.9947,0.0001,51646,J. Yull,0.0010976399999999998,0.0009981699999999998,0
8_12,973078,F. Talladira,51646.0,J. Yull,0.00035444000000000003,0.8861,0.0004,50959,S. Mauk,0.0018048,0.00145036,0
8_13,51646,J. Yull,560893.0,E. Alagich,0.00124725,0.8315,0.0015,560893,E. Alagich,0.00124725,0.0,1
8_14,560893,E. Alagich,50959.0,S. Mauk,0.0011691,0.6495,0.0018,50959,S. Mauk,0.0011691,0.0,1
8_15,51644,R. Grant,931987.0,H. Devenish-Meares,0.0,0.9988,0.0,931987,H. Devenish-Meares,0.0,0.0,1
8_16,931987,H. Devenish-Meares,795547.0,Z. de Jesus,7.826e-05,0.7826,0.0001,51644,R. Grant,0.00248475,0.00240649,0
8_17,795547,Z. de Jesus,28293.0,Léo Sena,0.00029808,0.9936,0.0003,51045,A. Cáceres,0.00076923,0.00047115,0
8_19,51644,R. Grant,931987.0,H. Devenish-Meares,0.0,0.9973,0.0,998256,K. Shaw,0.00029817,0.00029817,0
8_20,931987,H. Devenish-Meares,133852.0,C. Hollman,0.00019944,0.9972,0.0002,133852,C. Hollman,0.00019944,0.0,1
8_21,133852,C. Hollman,51644.0,R. Grant,9.947000000000001e-05,0.9947,0.0001,51644,R. Grant,9.947000000000001e-05,0.0,1
8_22,51644,R. Grant,931987.0,H. Devenish-Meares,0.0,0.9939,0.0,931987,H. Devenish-Meares,0.0,0.0,1
8_23,931987,H. Devenish-Meares,133852.0,C. Hollman,9.911e-05,0.9911,0.0001,18573,J. Lolley,0.00057276,0.00047364999999999994,0
8_24,133852,C. Hollman,28293.0,Léo Sena,0.0005891999999999999,0.982,0.0006,25534,A. Ouahim,0.00234198,0.0017527800000000002,0
8_25,28293,Léo Sena,51000.0,J. Courtney-Perkins,0.00555966,0.8298,0.0067,51000,J. Courtney-Perkins,0.00555966,0.0,1
8_26,51000,J. Courtney-Perkins,17231.0,P. Klimala,0.01209514,0.3158,0.0383,17231,P. Klimala,0.01209514,0.0,1
8_27,26766,B. Vriends,42513.0,Z. Clough,0.0006192,0.688,0.0009,42513,Z. Clough,0.0006192,0.0,1
8_28,51005,D. Pierias,42513.0,Z. Clough,0.00041952,0.6992,0.0006,50959,S. Mauk,0.00137808,0.00095856,0
8_29,51000,J. Courtney-Perkins,28293.0,Léo Sena,0.00215088,0.8962,0.0024,133852,C. Hollman,0.009751580000000001,0.007600700000000001,0
8_30,28293,Léo Sena,25534.0,A. Ouahim,0.004912830000000001,0.9633,0.0051,51045,A. Cáceres,0.0055496,0.0006367699999999992,0
8_31,25534,A. Ouahim,133852.0,C. Hollman,0.00435804,0.9474,0.0046,51045,A. Cáceres,0.0061784100000000005,0.0018203700000000008,0
8_32,133852,C. Hollman,25534.0,A. Ouahim,0.0056976299999999995,0.9657,0.0059,51000,J. Courtney-Perkins,0.00942174,0.00372411,0
8_33,25534,A. Ouahim,28293.0,Léo Sena,0.0019932,0.9966,0.002,51045,A. Cáceres,0.00859473,0.0066015299999999996,0
8_34,28293,Léo Sena,51000.0,J. Courtney-Perkins,0.00510692,0.9821,0.0052,133852,C. Hollman,0.0082719,0.0031649800000000004,0
8_35,51000,J. Courtney-Perkins,28293.0,Léo Sena,0.00180671,0.9509,0.0019,25534,A. Ouahim,0.009853839999999999,0.00804713,0
8_36,28293,Léo Sena,51644.0,R. Grant,0.0021951600000000003,0.9978,0.0022,133852,C. Hollman,0.00323892,0.00104376,0
8_37,51644,R. Grant,998256.0,K. Shaw,0.0010980200000000001,0.9982,0.0011,795547,Z. de Jesus,0.0035780399999999998,0.0024800199999999994,0
8_38,998256,K. Shaw,28293.0,Léo Sena,0.00159104,0.9944,0.0016,25534,A. Ouahim,0.008602110000000001,0.007011070000000001,0
8_40,51000,J. Courtney-Perkins,28293.0,Léo Sena,0.0014923500000000001,0.9949,0.0015,51045,A. Cáceres,0.01591352,0.01442117,0
8_41,28293,Léo Sena,25534.0,A. Ouahim,0.0028341699999999996,0.9773,0.0029,25534,A. Ouahim,0.0028341699999999996,0.0,1
8_42,25534,A. Ouahim,28293.0,Léo Sena,0.0017775,0.9875,0.0018,51000,J. Courtney-Perkins,0.00839608,0.006618580000000001,0
8_43,28293,Léo Sena,25534.0,A. Ouahim,0.008169599999999999,0.296,0.0276,25534,A. Ouahim,0.008169599999999999,0.0,1
8_44,25534,A. Ouahim,51045.0,A. Cáceres,0.014813959999999998,0.7756,0.0191,18573,J. Lolley,0.021515640000000003,0.006701680000000005,0
8_45,51045,A. Cáceres,51000.0,J. Courtney-Perkins,0.00855557,0.9613,0.0089,18573,J. Lolley,0.031878000000000004,0.023322430000000005,0
8_46,51000,J. Courtney-Perkins,28293.0,Léo Sena,0.00538285,0.9787,0.0055,51045,A. Cáceres,0.0056791,0.0002962500000000005,0
8_47,28293,Léo Sena,51045.0,A. Cáceres,0.0043803,0.9734,0.0045,51000,J. Courtney-Perkins,0.006932440000000001,0.0025521400000000005,0
8_48,51045,A. Cáceres,25534.0,A. Ouahim,0.0070707899999999995,0.7603,0.0093,25534,A. Ouahim,0.0070707899999999995,0.0,1
8_49,25534,A. Ouahim,18573.0,J. Lolley,0.014602239999999999,0.7936,0.0184,17231,P. Klimala,0.01937403,0.0047717900000000014,0
8_50,18573,J. Lolley,25534.0,A. Ouahim,0.01389634,0.5471,0.0254,17231,P. Klimala,0.01534301,0.0014466700000000006,0
8_52,809759,P. Kikianis,973078.0,F. Talladira,0.00039728,0.9932,0.0004,50959,S. Mauk,0.00165978,0.0012625,0
8_53,973078,F. Talladira,51646.0,J. Yull,0.000473,0.946,0.0005,560893,E. Alagich,0.0014110199999999998,0.0009380199999999998,0
8_54,51646,J. Yull,26766.0,B. Vriends,9.836000000000001e-05,0.9836,0.0001,560893,E. Alagich,0.00209925,0.00200089,0
8_55,26766,B. Vriends,51005.0,D. Pierias,9.442000000000001e-05,0.9442,0.0001,51005,D. Pierias,9.442000000000001e-05,0.0,1
8_56,51005,D. Pierias,50949.0,J. Barnett,8.774e-05,0.8774,0.0001,50949,J. Barnett,8.774e-05,0.0,1
8_57,50949,J. Barnett,42513.0,Z. Clough,0.00022124000000000002,0.5531,0.0004,51686,A. Goodwin,0.00109032,0.00086908,0
8_58,998256,K. Shaw,28293.0,Léo Sena,0.00426645,0.9481,0.0045,28293,Léo Sena,0.00426645,0.0,1
8_59,28293,Léo Sena,51644.0,R. Grant,0.00087723,0.9747,0.0009,795547,Z. de Jesus,0.00214808,0.00127085,0
8_60,51644,R. Grant,51000.0,J. Courtney-Perkins,0.00117024,0.9752,0.0012,51000,J. Courtney-Perkins,0.00117024,0.0,1
8_61,51000,J. Courtney-Perkins,28293.0,Léo Sena,0.001924,0.962,0.002,133852,C. Hollman,0.00446046,0.0025364600000000004,0
8_62,28293,Léo Sena,25534.0,A. Ouahim,0.0039055499999999994,0.7101,0.0055,25534,A. Ouahim,0.0039055499999999994,0.0,1
8_63,25534,A. Ouahim,51000.0,J. Courtney-Perkins,0.008444700000000001,0.853,0.0099,17231,P. Klimala,0.015473679999999998,0.007028979999999997,0
8_64,51000,J. Courtney-Perkins,25534.0,A. Ouahim,0.00698486,0.9439,0.0074,17231,P. Klimala,0.011289599999999999,0.004304739999999999,0
8_65,25534,A. Ouahim,28293.0,Léo Sena,0.00462574,0.9842,0.0047,51000,J. Courtney-Perkins,0.0060481,0.0014223600000000001,0
8_66,28293,Léo Sena,133852.0,C. Hollman,0.0059133400000000004,0.9694,0.0061,133852,C. Hollman,0.0059133400000000004,0.0,1
8_67,133852,C. Hollman,28293.0,Léo Sena,0.0019897499999999998,0.9475,0.0021,25534,A. Ouahim,0.0093571,0.00736735,0
8_68,28293,Léo Sena,795547.0,Z. de Jesus,0.00809256,0.9634,0.0084,17231,P. Klimala,0.015394860000000002,0.007302300000000001,0
8_69,795547,Z. de Jesus,28293.0,Léo Sena,0.00226136,0.9832,0.0023,18573,J. Lolley,0.005973190000000001,0.0037118300000000006,0
8_70,28293,Léo Sena,51644.0,R. Grant,0.0010981300000000001,0.9983,0.0011,795547,Z. de Jesus,0.00297058,0.00187245,0
8_71,51644,R. Grant,133852.0,C. Hollman,0.0020916,0.996,0.0021,133852,C. Hollman,0.0020916,0.0,1
8_72,133852,C. Hollman,51644.0,R. Grant,0.00139748,0.9982,0.0014,998256,K. Shaw,0.0016918399999999998,0.0002943599999999998,0
8_73,51644,R. Grant,28293.0,Léo Sena,0.0010951600000000002,0.9956,0.0011,998256,K. Shaw,0.0010951600000000002,0.0,0
8_74,28293,Léo Sena,795547.0,Z. de Jesus,0.001666,0.98,0.0017,795547,Z. de Jesus,0.001666,0.0,1
8_75,795547,Z. de Jesus,28293.0,Léo Sena,0.00502656,0.9856,0.0051,17231,P. Klimala,0.01960032,0.014573760000000002,0
8_76,28293,Léo Sena,795547.0,Z. de Jesus,0.0037202,0.979,0.0038,51045,A. Cáceres,0.00448419,0.00076399,0
8_77,795547,Z. de Jesus,25534.0,A. Ouahim,0.00568936,0.2888,0.0197,17231,P. Klimala,0.01597743,0.01028807,0
8_80,51045,A. Cáceres,133852.0,C. Hollman,0.003947480000000001,0.9628,0.0041,133852,C. Hollman,0.003947480000000001,0.0,1
8_81,133852,C. Hollman,28293.0,Léo Sena,0.00215556,0.9798,0.0022,51045,A. Cáceres,0.00411534,0.0019597800000000004,0
8_82,28293,Léo Sena,133852.0,C. Hollman,0.004493319999999999,0.8641,0.0052,133852,C. Hollman,0.004493319999999999,0.0,1
8_83,133852,C. Hollman,51045.0,A. Cáceres,0.0032933599999999995,0.5881,0.0056,25534,A. Ouahim,0.00608292,0.002789560000000001,0
8_84,133852,C. Hollman,998256.0,K. Shaw,0.00039456,0.9864,0.0004,795547,Z. de Jesus,0.0007771000000000001,0.00038254000000000006,0
8_85,998256,K. Shaw,931987.0,H. Devenish-Meares,0.0,0.997,0.0,51000,J. Courtney-Perkins,0.00109076,0.00109076,0
8_86,931987,H. Devenish-Meares,133852.0,C. Hollman,0.00039408,0.9852,0.0004,133852,C. Hollman,0.00039408,0.0,1
8_87,133852,C. Hollman,931987.0,H. Devenish-Meares,9.953e-05,0.9953,0.0001,931987,H. Devenish-Meares,9.953e-05,0.0,1
8_88,931987,H. Devenish-Meares,51644.0,R. Grant,9.785e-05,0.9785,0.0001,795547,Z. de Jesus,0.000154,5.6149999999999996e-05,0
8_89,51644,R. Grant,931987.0,H. Devenish-Meares,0.0,0.9816,0.0,795547,Z. de Jesus,0.00016762,0.00016762,0
8_90,931987,H. Devenish-Meares,795547.0,Z. de Jesus,8.044000000000001e-05,0.8044,0.0001,51045,A. Cáceres,0.00054544,0.000465,0
8_91,26766,B. Vriends,50959.0,S. Mauk,0.05160834,0.2997,0.1722,50959,S. Mauk,0.05160834,0.0,1
8_92,809759,P. Kikianis,51646.0,J. Yull,0.0012415199999999999,0.5912,0.0021,51646,J. Yull,0.0012415199999999999,0.0,1
8_93,809759,P. Kikianis,26766.0,B. Vriends,0.00029687999999999996,0.9896,0.0003,26766,B. Vriends,0.00029687999999999996,0.0,1
8_94,26766,B. Vriends,809070.0,E. Cox,0.0,0.9929,0.0,809070,E. Cox,0.0,0.0,1
8_96,51644,R. Grant,931987.0,H. Devenish-Meares,0.0,0.9964,0.0,795547,Z. de Jesus,0.00036825000000000003,0.00036825000000000003,0
8_97,931987,H. Devenish-Meares,51644.0,R. Grant,0.00039692,0.9923,0.0004,51644,R. Grant,0.00039692,0.0,1
8_98,51644,R. Grant,51045.0,A. Cáceres,0.00010248,0.5124,0.0002,25534,A. Ouahim,0.0006076,0.0005051200000000001,0
8_99,51644,R. Grant,133852.0,C. Hollman,0.00018366,0.6122,0.0003,18573,J. Lolley,0.0006013699999999999,0.00041770999999999996,0
8_100,133852,C. Hollman,795547.0,Z. de Jesus,0.00024532,0.6133,0.0004,25534,A. Ouahim,0.00083754,0.0005922200000000001,0
8_101,560893,E. Alagich,809759.0,P. Kikianis,0.0005960399999999999,0.9934,0.0006,42513,Z. Clough,0.0115185,0.010922459999999998,0
8_102,809759,P. Kikianis,42513.0,Z. Clough,0.00434417,0.7363,0.0059,42513,Z. Clough,0.00434417,0.0,1
8_103,42513,Z. Clough,51005.0,D. Pierias,0.00721187,0.8689,0.0083,51005,D. Pierias,0.00721187,0.0,1
8_104,17231,P. Klimala,25534.0,A. Ouahim,0.0007116199999999999,0.5083,0.0014,25534,A. Ouahim,0.0007116199999999999,0.0,1
8_105,51005,D. Pierias,50959.0,S. Mauk,0.02153247,0.5479,0.0393,50959,S. Mauk,0.02153247,0.0,1
8_107,973078,F. Talladira,50949.0,J. Barnett,0.00108581,0.9871,0.0011,50949,J. Barnett,0.00108581,0.0,1
8_108,50949,J. Barnett,560893.0,E. Alagich,0.00086976,0.9664,0.0009,973078,F. Talladira,0.0011694,0.0002996399999999999,0
8_109,560893,E. Alagich,809759.0,P. Kikianis,0.01192176,0.3896,0.0306,51686,A. Goodwin,0.012183359999999999,0.000261599999999999,0
8_110,51644,R. Grant,795547.0,Z. de Jesus,0.0011641199999999998,0.9701,0.0012,17231,P. Klimala,0.0036512000000000003,0.0024870800000000005,0
8_111,795547,Z. de Jesus,18573.0,J. Lolley,0.00088182,0.9798,0.0009,51045,A. Cáceres,0.0015162500000000002,0.0006344300000000003,0
8_112,18573,J. Lolley,51045.0,A. Cáceres,0.0040303199999999996,0.9596,0.0042,795547,Z. de Jesus,0.00685641,0.0028260900000000007,0
8_113,51045,A. Cáceres,18573.0,J. Lolley,0.00652392,0.9061,0.0072,25534,A. Ouahim,0.00940355,0.00287963,0
8_114,18573,J. Lolley,25534.0,A. Ouahim,0.01157,0.89,0.013,25534,A. Ouahim,0.01157,0.0,1
8_115,50949,J. Barnett,50959.0,S. Mauk,0.00049511,0.7073,0.0007,51686,A. Goodwin,0.0020949600000000003,0.0015998500000000003,0
8_116,50959,S. Mauk,50949.0,J. Barnett,0.00039714,0.6619,0.0006,560893,E. Alagich,0.000525,0.00012785999999999999,0
8_117,50949,J. Barnett,51646.0,J. Yull,0.0011485,0.4594,0.0025,51686,A. Goodwin,0.002123,0.0009744999999999999,0
8_121,51644,R. Grant,931987.0,H. Devenish-Meares,0.0,0.9971,0.0,28293,Léo Sena,0.00062363,0.00062363,0
8_122,931987,H. Devenish-Meares,998256.0,K. Shaw,9.985000000000001e-05,0.9985,0.0001,998256,K. Shaw,9.985000000000001e-05,0.0,1
8_123,998256,K. Shaw,51000.0,J. Courtney-Perkins,0.000967,0.967,0.001,51000,J. Courtney-Perkins,0.000967,0.0,1
8_124,51000,J. Courtney-Perkins,17231.0,P. Klimala,0.00470057,0.9593,0.0049,17231,P. Klimala,0.00470057,0.0,1
8_125,17231,P. Klimala,931987.0,H. Devenish-Meares,0.0,0.9471,0.0,51000,J. Courtney-Perkins,0.0060761999999999995,0.0060761999999999995,0
8_126,931987,H. Devenish-Meares,998256.0,K. Shaw,9.959e-05,0.9959,0.0001,51644,R. Grant,0.00019956000000000002,9.997000000000002e-05,0
8_127,998256,K. Shaw,51644.0,R. Grant,0.00019988,0.9994,0.0002,51644,R. Grant,0.00019988,0.0,1
8_129,51045,A. Cáceres,51644.0,R. Grant,0.00029939999999999996,0.998,0.0003,133852,C. Hollman,0.002856,0.0025566,0
8_130,51644,R. Grant,998256.0,K. Shaw,0.00029942999999999994,0.9981,0.0003,28293,Léo Sena,0.0019696,0.0016701700000000003,0
8_131,998256,K. Shaw,931987.0,H. Devenish-Meares,0.0,0.994,0.0,51000,J. Courtney-Perkins,0.00135495,0.00135495,0
8_132,931987,H. Devenish-Meares,51000.0,J. Courtney-Perkins,0.0006508,0.8135,0.0008,51000,J. Courtney-Perkins,0.0006508,0.0,1
8_133,51000,J. Courtney-Perkins,133852.0,C. Hollman,0.0005991,0.9985,0.0006,133852,C. Hollman,0.0005991,0.0,1
8_134,133852,C. Hollman,51644.0,R. Grant,0.0005985599999999999,0.9976,0.0006,795547,Z. de Jesus,0.00180369,0.00120513,0
8_135,51644,R. Grant,795547.0,Z. de Jesus,0.00106909,0.9719,0.0011,795547,Z. de Jesus,0.00106909,0.0,1
8_136,795547,Z. de Jesus,28293.0,Léo Sena,0.0049464900000000004,0.9699,0.0051,17231,P. Klimala,0.01339464,0.008448149999999998,0
8_137,28293,Léo Sena,51045.0,A. Cáceres,0.00424833,0.6157,0.0069,25534,A. Ouahim,0.0186558,0.01440747,0
8_138,51045,A. Cáceres,17231.0,P. Klimala,0.017174850000000002,0.1487,0.1155,17231,P. Klimala,0.017174850000000002,0.0,1
8_140,51045,A. Cáceres,795547.0,Z. de Jesus,0.00268884,0.7469,0.0036,795547,Z. de Jesus,0.00268884,0.0,1
8_141,795547,Z. de Jesus,931987.0,H. Devenish-Meares,9.897000000000001e-05,0.9897,0.0001,998256,K. Shaw,0.00330258,0.00320361,0
8_143,998256,K. Shaw,795547.0,Z. de Jesus,9.937e-05,0.9937,0.0001,795547,Z. de Jesus,9.937e-05,0.0,1
8_144,795547,Z. de Jesus,51644.0,R. Grant,0.00067683,0.9669,0.0007,51000,J. Courtney-Perkins,0.0010976399999999998,0.00042080999999999976,0
8_145,51644,R. Grant,931987.0,H. Devenish-Meares,0.0,0.9868,0.0,133852,C. Hollman,0.0011752,0.0011752,0
8_147,26766,B. Vriends,809070.0,E. Cox,0.0,0.9958,0.0,809070,E. Cox,0.0,0.0,1
8_148,809070,E. Cox,51686.0,A. Goodwin,0.00201432,0.4796,0.0042,51686,A. Goodwin,0.00201432,0.0,1
8_149,28293,Léo Sena,18573.0,J. Lolley,0.0099081,0.981,0.0101,51045,A. Cáceres,0.013021999999999999,0.0031138999999999993,0
8_150,18573,J. Lolley,17231.0,P. Klimala,0.01828692,0.5787,0.0316,51045,A. Cáceres,0.0189105,0.0006235799999999986,0
8_152,26766,B. Vriends,51005.0,D. Pierias,0.00015292,0.7646,0.0002,51686,A. Goodwin,0.0007248799999999999,0.0005719599999999999,0
8_155,50959,S. Mauk,42513.0,Z. Clough,0.00106992,0.6687,0.0016,42513,Z. Clough,0.00106992,0.0,1
8_156,42513,Z. Clough,51005.0,D. Pierias,0.00036848,0.9212,0.0004,50959,S. Mauk,0.00237614,0.00200766,0
8_158,133852,C. Hollman,25534.0,A. Ouahim,0.00231084,0.4716,0.0049,25534,A. Ouahim,0.00231084,0.0,1
8_160,26766,B. Vriends,51005.0,D. Pierias,0.00015594,0.7797,0.0002,51005,D. Pierias,0.00015594,0.0,1
8_164,560893,E. Alagich,973078.0,F. Talladira,0.00019816000000000001,0.9908,0.0002,51646,J. Yull,0.0014587699999999999,0.00126061,0
8_165,973078,F. Talladira,51646.0,J. Yull,0.00138768,0.5782,0.0024,51646,J. Yull,0.00138768,0.0,1
8_166,51644,R. Grant,28293.0,Léo Sena,0.000294,0.98,0.0003,51045,A. Cáceres,0.0005744,0.0002804,0
8_167,28293,Léo Sena,931987.0,H. Devenish-Meares,0.0,0.9973,0.0,51644,R. Grant,0.00019370000000000002,0.00019370000000000002,0
8_168,931987,H. Devenish-Meares,28293.0,Léo Sena,0.00019144000000000002,0.9572,0.0002,28293,Léo Sena,0.00019144000000000002,0.0,1
8_170,51686,A. Goodwin,42513.0,Z. Clough,0.07953399000000001,0.3859,0.2061,42513,Z. Clough,0.07953399000000001,0.0,1
8_171,28293,Léo Sena,25534.0,A. Ouahim,0.00051525,0.5725,0.0009,25534,A. Ouahim,0.00051525,0.0,1
8_173,28293,Léo Sena,51045.0,A. Cáceres,8.526000000000001e-05,0.8526,0.0001,25534,A. Ouahim,0.0012832199999999998,0.0011979599999999999,0
8_174,51045,A. Cáceres,795547.0,Z. de Jesus,0.00038696000000000005,0.9674,0.0004,25534,A. Ouahim,0.00078264,0.00039568,0
8_175,795547,Z. de Jesus,25534.0,A. Ouahim,0.00160514,0.9442,0.0017,25534,A. Ouahim,0.00160514,0.0,1
8_176,25534,A. Ouahim,18573.0,J. Lolley,0.0048982999999999995,0.8906,0.0055,18573,J. Lolley,0.0048982999999999995,0.0,1
8_177,18573,J. Lolley,17231.0,P. Klimala,0.0220899,0.6594,0.0335,17231,P. Klimala,0.0220899,0.0,1
8_178,17231,P. Klimala,18573.0,J. Lolley,0.01758705,0.9019,0.0195,51000,J. Courtney-Perkins,0.0522258,0.03463875,0
8_179,18573,J. Lolley,51000.0,J. Courtney-Perkins,0.06770904,0.7864,0.0861,51000,J. Courtney-Perkins,0.06770904,0.0,1
8_183,50949,J. Barnett,560893.0,E. Alagich,0.00029156999999999995,0.9719,0.0003,560893,E. Alagich,0.00029156999999999995,0.0,1
8_184,560893,E. Alagich,51005.0,D. Pierias,9.826000000000001e-05,0.9826,0.0001,51005,D. Pierias,9.826000000000001e-05,0.0,1
8_185,51005,D. Pierias,51646.0,J. Yull,0.0005499,0.611,0.0009,51686,A. Goodwin,0.0012926,0.0007427000000000001,0
8_187,973078,F. Talladira,51686.0,A. Goodwin,0.006418859999999999,0.7378,0.0087,51686,A. Goodwin,0.006418859999999999,0.0,1
8_188,51686,A. Goodwin,50959.0,S. Mauk,0.0061198,0.827,0.0074,51646,J. Yull,0.00852984,0.0024100400000000004,0
8_190,560893,E. Alagich,809759.0,P. Kikianis,0.00019920000000000002,0.996,0.0002,50959,S. Mauk,0.002954,0.0027548,0
8_191,809759,P. Kikianis,42513.0,Z. Clough,0.00131189,0.7717,0.0017,50959,S. Mauk,0.0015371999999999999,0.00022530999999999983,0
8_192,42513,Z. Clough,51646.0,J. Yull,0.01018326,0.7894,0.0129,51646,J. Yull,0.01018326,0.0,1
8_193,51644,R. Grant,133852.0,C. Hollman,0.0005930999999999999,0.9885,0.0006,51045,A. Cáceres,0.00150949,0.0009163900000000001,0
8_194,133852,C. Hollman,51000.0,J. Courtney-Perkins,0.0009962999999999999,0.9963,0.001,51000,J. Courtney-Perkins,0.0009962999999999999,0.0,1
8_195,51000,J. Courtney-Perkins,998256.0,K. Shaw,0.00029925,0.9975,0.0003,133852,C. Hollman,0.0022470999999999997,0.0019478499999999997,0
8_196,998256,K. Shaw,51644.0,R. Grant,0.0003998,0.9995,0.0004,51045,A. Cáceres,0.00218702,0.00178722,0
8_197,51644,R. Grant,28293.0,Léo Sena,0.00158624,0.9914,0.0016,28293,Léo Sena,0.00158624,0.0,1
8_198,28293,Léo Sena,795547.0,Z. de Jesus,0.0020099099999999997,0.9571,0.0021,51045,A. Cáceres,0.004742649999999999,0.0027327399999999996,0
8_199,795547,Z. de Jesus,51045.0,A. Cáceres,0.00298747,0.9637,0.0031,18573,J. Lolley,0.0119133,0.00892583,0
8_200,51045,A. Cáceres,18573.0,J. Lolley,0.0073401000000000004,0.8535,0.0086,17231,P. Klimala,0.01510425,0.007764149999999999,0
8_201,18573,J. Lolley,51045.0,A. Cáceres,0.015116399999999999,0.8398,0.018,51045,A. Cáceres,0.015116399999999999,0.0,1
8_202,51045,A. Cáceres,17231.0,P. Klimala,0.025212100000000005,0.3763,0.067,25534,A. Ouahim,0.06471168000000001,0.039499580000000006,0
8_203,51045,A. Cáceres,795547.0,Z. de Jesus,0.00697536,0.9688,0.0072,25534,A. Ouahim,0.11466852,0.10769316,0
8_204,795547,Z. de Jesus,28293.0,Léo Sena,0.00228574,0.9938,0.0023,51045,A. Cáceres,0.00462392,0.00233818,0
8_205,28293,Léo Sena,133852.0,C. Hollman,0.00288985,0.9965,0.0029,133852,C. Hollman,0.00288985,0.0,1
8_206,133852,C. Hollman,51045.0,A. Cáceres,0.010118470000000001,0.9283,0.0109,51045,A. Cáceres,0.010118470000000001,0.0,1
8_207,51045,A. Cáceres,18573.0,J. Lolley,0.053091360000000004,0.2898,0.1832,18573,J. Lolley,0.053091360000000004,0.0,1
8_208,18573,J. Lolley,25534.0,A. Ouahim,0.03291008,0.7346,0.0448,25534,A. Ouahim,0.03291008,0.0,1
8_211,51644,R. Grant,28293.0,Léo Sena,0.0018937300000000002,0.9967,0.0019,28293,Léo Sena,0.0018937300000000002,0.0,1
8_212,28293,Léo Sena,51045.0,A. Cáceres,0.00355607,0.9611,0.0037,51045,A. Cáceres,0.00355607,0.0,1
8_213,51045,A. Cáceres,795547.0,Z. de Jesus,0.0038976,0.9744,0.004,795547,Z. de Jesus,0.0038976,0.0,1
8_214,795547,Z. de Jesus,28293.0,Léo Sena,0.00123877,0.9529,0.0013,28293,Léo Sena,0.00123877,0.0,1
8_215,28293,Léo Sena,51644.0,R. Grant,0.00069825,0.9975,0.0007,133852,C. Hollman,0.0021802,0.00148195,0
8_216,51644,R. Grant,28293.0,Léo Sena,0.0004963000000000001,0.9926,0.0005,133852,C. Hollman,0.0036668,0.0031704999999999997,0
8_217,28293,Léo Sena,795547.0,Z. de Jesus,0.0015235200000000002,0.9522,0.0016,51045,A. Cáceres,0.0016643200000000002,0.00014079999999999995,0
8_218,795547,Z. de Jesus,51045.0,A. Cáceres,0.00274032,0.7612,0.0036,51045,A. Cáceres,0.00274032,0.0,1
8_219,560893,E. Alagich,50949.0,J. Barnett,0.0008624700000000001,0.9583,0.0009,51686,A. Goodwin,0.0043434,0.0034809299999999997,0
8_220,50949,J. Barnett,42513.0,Z. Clough,0.0027414799999999997,0.9791,0.0028,42513,Z. Clough,0.0027414799999999997,0.0,1
8_221,42513,Z. Clough,51005.0,D. Pierias,0.01082368,0.7168,0.0151,51005,D. Pierias,0.01082368,0.0,1
8_222,931987,H. Devenish-Meares,51000.0,J. Courtney-Perkins,9.711e-05,0.9711,0.0001,133852,C. Hollman,0.00037488,0.00027777,0
8_224,998256,K. Shaw,51644.0,R. Grant,9.995e-05,0.9995,0.0001,51644,R. Grant,9.995e-05,0.0,1
8_226,998256,K. Shaw,931987.0,H. Devenish-Meares,0.0,0.9948,0.0,931987,H. Devenish-Meares,0.0,0.0,1
8_227,931987,H. Devenish-Meares,998256.0,K. Shaw,9.299e-05,0.9299,0.0001,18573,J. Lolley,0.00127785,0.00118486,0
8_228,998256,K. Shaw,17231.0,P. Klimala,0.00352222,0.9269,0.0038,17231,P. Klimala,0.00352222,0.0,1
8_229,17231,P. Klimala,133852.0,C. Hollman,0.0044845399999999995,0.9749,0.0046,133852,C. Hollman,0.0044845399999999995,0.0,1
8_231,51686,A. Goodwin,50959.0,S. Mauk,0.00940401,0.9499,0.0099,42513,Z. Clough,0.014906039999999999,0.005502029999999998,0
8_232,50959,S. Mauk,560893.0,E. Alagich,0.0035398799999999996,0.9833,0.0036,51646,J. Yull,0.023596380000000004,0.020056500000000005,0
8_233,560893,E. Alagich,51646.0,J. Yull,0.0069083,0.973,0.0071,51646,J. Yull,0.0069083,0.0,1
8_234,51646,J. Yull,809759.0,P. Kikianis,0.00079272,0.9909,0.0008,560893,E. Alagich,0.0043010999999999995,0.0035083799999999993,0
8_235,809759,P. Kikianis,50949.0,J. Barnett,0.00183,0.915,0.002,50949,J. Barnett,0.00183,0.0,1
8_236,50949,J. Barnett,51005.0,D. Pierias,0.003812,0.953,0.004,51646,J. Yull,0.02099266,0.01718066,0
8_237,51005,D. Pierias,51686.0,A. Goodwin,0.020314899999999997,0.3833,0.053,51686,A. Goodwin,0.020314899999999997,0.0,1
8_239,28293,Léo Sena,25534.0,A. Ouahim,0.00021092999999999996,0.7031,0.0003,51045,A. Cáceres,0.0005004800000000001,0.0002895500000000001,0
8_241,51005,D. Pierias,51646.0,J. Yull,0.00173592,0.9644,0.0018,50949,J. Barnett,0.00268488,0.0009489600000000002,0
8_242,51646,J. Yull,560893.0,E. Alagich,0.00760584,0.8643,0.0088,50949,J. Barnett,0.009025380000000001,0.0014195400000000013,0
8_243,28293,Léo Sena,25534.0,A. Ouahim,0.00112196,0.8014,0.0014,25534,A. Ouahim,0.00112196,0.0,1
8_244,25534,A. Ouahim,17231.0,P. Klimala,0.02046756,0.3629,0.0564,17231,P. Klimala,0.02046756,0.0,1
8_246,809759,P. Kikianis,51646.0,J. Yull,0.0027792000000000003,0.8685,0.0032,51646,J. Yull,0.0027792000000000003,0.0,1
8_247,51646,J. Yull,51005.0,D. Pierias,0.00553742,0.7483,0.0074,51686,A. Goodwin,0.01330024,0.007762819999999999,0
8_248,51000,J. Courtney-Perkins,931987.0,H. Devenish-Meares,0.0,0.99,0.0,931987,H. Devenish-Meares,0.0,0.0,1
8_249,931987,H. Devenish-Meares,28293.0,Léo Sena,9.453e-05,0.9453,0.0001,17231,P. Klimala,0.00291356,0.00281903,0
8_250,28293,Léo Sena,17231.0,P. Klimala,0.00810241,0.8353,0.0097,17231,P. Klimala,0.00810241,0.0,1
8_252,50949,J. Barnett,560893.0,E. Alagich,0.0029384899999999998,0.9479,0.0031,42513,Z. Clough,0.00816158,0.00522309,0
8_253,560893,E. Alagich,42513.0,Z. Clough,0.004540799999999999,0.946,0.0048,51646,J. Yull,0.01066533,0.006124530000000001,0
8_255,50959,S. Mauk,51005.0,D. Pierias,0.01495151,0.8953,0.0167,51686,A. Goodwin,0.027797000000000002,0.012845490000000003,0
8_256,51005,D. Pierias,50959.0,S. Mauk,0.03161465,0.3715,0.0851,50959,S. Mauk,0.03161465,0.0,1
8_259,998256,K. Shaw,51000.0,J. Courtney-Perkins,6.459e-05,0.6459,0.0001,17231,P. Klimala,0.000988,0.0009234099999999999,0
8_261,50949,J. Barnett,809759.0,P. Kikianis,0.00029885999999999997,0.9962,0.0003,560893,E. Alagich,0.00115224,0.0008533799999999999,0
8_262,809759,P. Kikianis,50949.0,J. Barnett,0.0006778800000000001,0.9684,0.0007,50949,J. Barnett,0.0006778800000000001,0.0,1
8_263,50949,J. Barnett,973078.0,F. Talladira,0.00039828000000000004,0.9957,0.0004,560893,E. Alagich,0.00201579,0.00161751,0
8_264,973078,F. Talladira,809759.0,P. Kikianis,0.00019964,0.9982,0.0002,42513,Z. Clough,0.00312609,0.00292645,0
8_265,809759,P. Kikianis,809070.0,E. Cox,0.0,0.9972,0.0,26766,B. Vriends,0.00019818,0.00019818,0
8_266,809070,E. Cox,50949.0,J. Barnett,0.00019424,0.9712,0.0002,50949,J. Barnett,0.00019424,0.0,1
8_267,50949,J. Barnett,809759.0,P. Kikianis,9.951e-05,0.9951,0.0001,809759,P. Kikianis,9.951e-05,0.0,1
8_268,809759,P. Kikianis,42513.0,Z. Clough,0.0007516799999999999,0.6264,0.0012,42513,Z. Clough,0.0007516799999999999,0.0,1
8_269,42513,Z. Clough,560893.0,E. Alagich,0.00296283,0.7597,0.0039,560893,E. Alagich,0.00296283,0.0,1
8_272,50949,J. Barnett,26766.0,B. Vriends,0.010327590000000001,0.3783,0.0273,26766,B. Vriends,0.010327590000000001,0.0,1
8_273,51045,A. Cáceres,28293.0,Léo Sena,9.887000000000001e-05,0.9887,0.0001,28293,Léo Sena,9.887000000000001e-05,0.0,1
8_274,28293,Léo Sena,18573.0,J. Lolley,0.00019101,0.6367,0.0003,25534,A. Ouahim,0.00037645999999999996,0.00018544999999999995,0
8_275,18573,J. Lolley,795547.0,Z. de Jesus,0.00198605,0.8635,0.0023,795547,Z. de Jesus,0.00198605,0.0,1
8_276,795547,Z. de Jesus,25534.0,A. Ouahim,0.0015151199999999998,0.6313,0.0024,25534,A. Ouahim,0.0015151199999999998,0.0,1
8_280,133852,C. Hollman,51045.0,A. Cáceres,0.0024542500000000003,0.9817,0.0025,28293,Léo Sena,0.00251883,6.457999999999985e-05,0
8_281,51045,A. Cáceres,931987.0,H. Devenish-Meares,0.0,0.9933,0.0,25534,A. Ouahim,0.003301,0.003301,0
8_282,931987,H. Devenish-Meares,998256.0,K. Shaw,0.0,0.9956,0.0,51644,R. Grant,0.00019906,0.00019906,0
8_283,998256,K. Shaw,931987.0,H. Devenish-Meares,9.403e-05,0.9403,0.0001,28293,Léo Sena,0.00068096,0.0005869299999999999,0
8_284,931987,H. Devenish-Meares,133852.0,C. Hollman,0.00016902,0.8451,0.0002,51045,A. Cáceres,0.00042209999999999996,0.00025307999999999993,0
8_285,133852,C. Hollman,25534.0,A. Ouahim,0.00111732,0.9311,0.0012,25534,A. Ouahim,0.00111732,0.0,1
8_286,25534,A. Ouahim,51000.0,J. Courtney-Perkins,0.00598689,0.9503,0.0063,17231,P. Klimala,0.013007449999999999,0.007020559999999999,0
8_287,51000,J. Courtney-Perkins,28293.0,Léo Sena,0.00308481,0.9951,0.0031,17231,P. Klimala,0.01709169,0.01400688,0
8_288,28293,Léo Sena,133852.0,C. Hollman,0.00278236,0.9937,0.0028,25534,A. Ouahim,0.0149687,0.01218634,0
8_289,133852,C. Hollman,28293.0,Léo Sena,0.00178308,0.9906,0.0018,51045,A. Cáceres,0.00567207,0.00388899,0
8_290,28293,Léo Sena,133852.0,C. Hollman,0.0024837500000000003,0.9935,0.0025,51000,J. Courtney-Perkins,0.00397208,0.00148833,0
8_291,133852,C. Hollman,51644.0,R. Grant,0.0015980800000000002,0.9988,0.0016,51045,A. Cáceres,0.005693859999999999,0.004095779999999999,0
8_292,51644,R. Grant,51045.0,A. Cáceres,0.002484,0.9936,0.0025,795547,Z. de Jesus,0.0032508299999999997,0.0007668299999999996,0
8_293,51045,A. Cáceres,51644.0,R. Grant,0.0010952700000000002,0.9957,0.0011,795547,Z. de Jesus,0.0033908000000000002,0.00229553,0
8_294,51644,R. Grant,51045.0,A. Cáceres,0.0012961,0.997,0.0013,133852,C. Hollman,0.0025069199999999997,0.0012108199999999998,0
8_295,51045,A. Cáceres,795547.0,Z. de Jesus,0.0034835499999999998,0.9953,0.0035,795547,Z. de Jesus,0.0034835499999999998,0.0,1
8_296,795547,Z. de Jesus,51045.0,A. Cáceres,0.00318432,0.9951,0.0032,51045,A. Cáceres,0.00318432,0.0,1
8_297,51045,A. Cáceres,133852.0,C. Hollman,0.00238896,0.9954,0.0024,17231,P. Klimala,0.011165959999999999,0.008777,0
8_298,133852,C. Hollman,51644.0,R. Grant,0.00139678,0.9977,0.0014,51000,J. Courtney-Perkins,0.0184788,0.01708202,0
8_299,51644,R. Grant,28293.0,Léo Sena,0.00279524,0.9983,0.0028,28293,Léo Sena,0.00279524,0.0,1
8_300,28293,Léo Sena,18573.0,J. Lolley,0.00512448,0.5338,0.0096,25534,A. Ouahim,0.02070935,0.01558487,0
8_301,18573,J. Lolley,25534.0,A. Ouahim,0.01484754,0.5667,0.0262,25534,A. Ouahim,0.01484754,0.0,1
8_302,51644,R. Grant,998256.0,K. Shaw,0.0004991,0.9982,0.0005,51045,A. Cáceres,0.0005881799999999999,8.907999999999985e-05,0
8_303,998256,K. Shaw,51644.0,R. Grant,0.0004997,0.9994,0.0005,51000,J. Courtney-Perkins,0.00246175,0.00196205,0
8_304,51644,R. Grant,51045.0,A. Cáceres,0.00164304,0.9128,0.0018,51045,A. Cáceres,0.00164304,0.0,1
8_305,51045,A. Cáceres,28293.0,Léo Sena,0.00089091,0.9899,0.0009,18573,J. Lolley,0.0037170299999999996,0.0028261199999999997,0
8_306,28293,Léo Sena,18573.0,J. Lolley,0.0024472799999999996,0.6798,0.0036,18573,J. Lolley,0.0024472799999999996,0.0,1
8_308,973078,F. Talladira,809759.0,P. Kikianis,0.0,0.9981,0.0,809759,P. Kikianis,0.0,0.0,1
8_309,809759,P. Kikianis,51686.0,A. Goodwin,0.0014990000000000001,0.5996,0.0025,51686,A. Goodwin,0.0014990000000000001,0.0,1
8_311,50949,J. Barnett,42513.0,Z. Clough,0.00178752,0.9408,0.0019,42513,Z. Clough,0.00178752,0.0,1
8_312,42513,Z. Clough,50959.0,S. Mauk,0.022715640000000002,0.3321,0.0684,50959,S. Mauk,0.022715640000000002,0.0,1
8_313,28293,Léo Sena,18573.0,J. Lolley,0.0025440500000000004,0.6205,0.0041,18573,J. Lolley,0.0025440500000000004,0.0,1
8_314,18573,J. Lolley,25534.0,A. Ouahim,0.009374559999999999,0.4507,0.0208,25534,A. Ouahim,0.009374559999999999,0.0,1
8_315,25534,A. Ouahim,18573.0,J. Lolley,0.03016456,0.7148,0.0422,17231,P. Klimala,0.052788270000000005,0.022623710000000005,0
8_318,51045,A. Cáceres,17231.0,P. Klimala,0.02233419,0.5683,0.0393,18573,J. Lolley,0.024251520000000002,0.0019173300000000018,0
8_320,26766,B. Vriends,50949.0,J. Barnett,9.71e-05,0.971,0.0001,51005,D. Pierias,9.838e-05,1.2800000000000013e-06,0
8_321,50949,J. Barnett,51005.0,D. Pierias,9.957000000000001e-05,0.9957,0.0001,50959,S. Mauk,0.00039092,0.00029135,0
8_322,51005,D. Pierias,50949.0,J. Barnett,9.982e-05,0.9982,0.0001,50959,S. Mauk,0.00038584000000000003,0.00028602,0
8_323,50949,J. Barnett,560893.0,E. Alagich,0.00069503,0.9929,0.0007,560893,E. Alagich,0.00069503,0.0,1
8_324,560893,E. Alagich,50959.0,S. Mauk,0.00106425,0.9675,0.0011,50959,S. Mauk,0.00106425,0.0,1
8_325,50959,S. Mauk,51005.0,D. Pierias,0.00038812000000000004,0.9703,0.0004,560893,E. Alagich,0.0007356800000000001,0.00034756,0
8_326,51005,D. Pierias,50949.0,J. Barnett,9.981000000000001e-05,0.9981,0.0001,50949,J. Barnett,9.981000000000001e-05,0.0,1
8_327,50949,J. Barnett,26766.0,B. Vriends,9.95e-05,0.995,0.0001,26766,B. Vriends,9.95e-05,0.0,1
8_328,26766,B. Vriends,809759.0,P. Kikianis,9.966e-05,0.9966,0.0001,809759,P. Kikianis,9.966e-05,0.0,1
8_329,809759,P. Kikianis,973078.0,F. Talladira,0.00019750000000000003,0.9875,0.0002,560893,E. Alagich,0.0002979,0.00010039999999999995,0
8_330,973078,F. Talladira,51646.0,J. Yull,0.00249025,0.9961,0.0025,42513,Z. Clough,0.0033579,0.0008676500000000002,0
8_331,51646,J. Yull,560893.0,E. Alagich,0.0013659499999999999,0.8035,0.0017,560893,E. Alagich,0.0013659499999999999,0.0,1
8_332,560893,E. Alagich,809759.0,P. Kikianis,0.00029958,0.9986,0.0003,809759,P. Kikianis,0.00029958,0.0,1
8_333,809759,P. Kikianis,42513.0,Z. Clough,0.0093051,0.4431,0.021,42513,Z. Clough,0.0093051,0.0,1
8_334,42513,Z. Clough,51646.0,J. Yull,0.0061896500000000005,0.7835,0.0079,51646,J. Yull,0.0061896500000000005,0.0,1
8_335,51646,J. Yull,42513.0,Z. Clough,0.0067896,0.984,0.0069,560893,E. Alagich,0.01891072,0.012121119999999999,0
8_336,42513,Z. Clough,51646.0,J. Yull,0.00683353,0.9361,0.0073,560893,E. Alagich,0.008728119999999999,0.001894589999999999,0
8_337,51646,J. Yull,51005.0,D. Pierias,0.02111004,0.8377,0.0252,50959,S. Mauk,0.03244776,0.011337719999999999,0
8_339,795547,Z. de Jesus,25534.0,A. Ouahim,0.02750464,0.8704,0.0316,25534,A. Ouahim,0.02750464,0.0,1
8_341,795547,Z. de Jesus,931987.0,H. Devenish-Meares,0.0,0.9976,0.0,931987,H. Devenish-Meares,0.0,0.0,1
8_342,931987,H. Devenish-Meares,51644.0,R. Grant,9.525000000000001e-05,0.9525,0.0001,18573,J. Lolley,0.0006362,0.0005409499999999999,0
8_343,51644,R. Grant,51000.0,J. Courtney-Perkins,0.00019414,0.9707,0.0002,25534,A. Ouahim,0.00103656,0.00084242,0
8_345,998256,K. Shaw,51000.0,J. Courtney-Perkins,0.0008876699999999999,0.9863,0.0009,28293,Léo Sena,0.0015659200000000002,0.0006782500000000003,0
8_346,51000,J. Courtney-Perkins,28293.0,Léo Sena,0.0019248599999999998,0.9166,0.0021,17231,P. Klimala,0.006165499999999999,0.0042406399999999995,0
8_347,51644,R. Grant,28293.0,Léo Sena,0.00079816,0.9977,0.0008,25534,A. Ouahim,0.00237742,0.0015792599999999999,0
8_348,28293,Léo Sena,51644.0,R. Grant,0.00039948,0.9987,0.0004,51644,R. Grant,0.00039948,0.0,1
8_349,51644,R. Grant,133852.0,C. Hollman,0.00069783,0.9969,0.0007,28293,Léo Sena,0.00079296,9.513000000000002e-05,0
8_350,133852,C. Hollman,51644.0,R. Grant,0.00039648,0.9912,0.0004,28293,Léo Sena,0.00079496,0.00039848000000000005,0
8_351,51644,R. Grant,28293.0,Léo Sena,0.0005979,0.9965,0.0006,28293,Léo Sena,0.0005979,0.0,1
8_352,28293,Léo Sena,795547.0,Z. de Jesus,0.00517832,0.9247,0.0056,18573,J. Lolley,0.011581540000000001,0.006403220000000001,0
8_353,795547,Z. de Jesus,51045.0,A. Cáceres,0.0064756300000000004,0.8197,0.0079,18573,J. Lolley,0.01603371,0.00955808,0
8_354,51045,A. Cáceres,25534.0,A. Ouahim,0.0081,0.9,0.009,25534,A. Ouahim,0.0081,0.0,1
8_355,25534,A. Ouahim,28293.0,Léo Sena,0.00485296,0.9904,0.0049,28293,Léo Sena,0.00485296,0.0,1
8_356,28293,Léo Sena,25534.0,A. Ouahim,0.00795294,0.7797,0.0102,25534,A. Ouahim,0.00795294,0.0,1
8_359,809070,E. Cox,50949.0,J. Barnett,8.322e-05,0.8322,0.0001,51005,D. Pierias,0.00016182000000000002,7.860000000000001e-05,0
8_360,50949,J. Barnett,42513.0,Z. Clough,0.00024723,0.8241,0.0003,50959,S. Mauk,0.0003858,0.00013857000000000002,0
8_361,42513,Z. Clough,560893.0,E. Alagich,9.250000000000001e-05,0.925,0.0001,51686,A. Goodwin,0.0012485,0.0011560000000000001,0
8_362,560893,E. Alagich,973078.0,F. Talladira,0.00019248000000000003,0.9624,0.0002,50959,S. Mauk,0.00088946,0.00069698,0
8_363,973078,F. Talladira,809070.0,E. Cox,0.0,0.996,0.0,809759,P. Kikianis,0.00017390000000000003,0.00017390000000000003,0
8_364,809070,E. Cox,973078.0,F. Talladira,0.0,0.9948,0.0,51686,A. Goodwin,0.001193,0.001193,0
8_365,973078,F. Talladira,809759.0,P. Kikianis,0.00027483,0.9161,0.0003,51646,J. Yull,0.00045437999999999994,0.00017954999999999995,0
8_366,809759,P. Kikianis,51686.0,A. Goodwin,0.0060106000000000005,0.3665,0.0164,51686,A. Goodwin,0.0060106000000000005,0.0,1
8_369,795547,Z. de Jesus,51045.0,A. Cáceres,0.00038608,0.9652,0.0004,18573,J. Lolley,0.00131516,0.0009290799999999999,0
8_370,51045,A. Cáceres,18573.0,J. Lolley,0.0037362600000000004,0.3774,0.0099,18573,J. Lolley,0.0037362600000000004,0.0,1
8_371,18573,J. Lolley,17231.0,P. Klimala,0.11732827999999998,0.7292,0.1609,17231,P. Klimala,0.11732827999999998,0.0,1
8_372,809070,E. Cox,809759.0,P. Kikianis,0.0,0.983,0.0,51005,D. Pierias,0.00109497,0.00109497,0
8_373,809759,P. Kikianis,973078.0,F. Talladira,0.00046305,0.9261,0.0005,51646,J. Yull,0.0014044799999999998,0.0009414299999999998,0
8_374,973078,F. Talladira,51646.0,J. Yull,0.0011189099999999999,0.8607,0.0013,51686,A. Goodwin,0.00451063,0.00339172,0
8_376,50959,S. Mauk,51005.0,D. Pierias,0.007355339999999999,0.6939,0.0106,51005,D. Pierias,0.007355339999999999,0.0,1
8_378,17231,P. Klimala,25534.0,A. Ouahim,0.00072189,0.5553,0.0013,25534,A. Ouahim,0.00072189,0.0,1
8_379,50949,J. Barnett,42513.0,Z. Clough,0.006345,0.846,0.0075,42513,Z. Clough,0.006345,0.0,1
8_381,25534,A. Ouahim,18573.0,J. Lolley,0.0132146,0.9439,0.014,18573,J. Lolley,0.0132146,0.0,1
8_384,26766,B. Vriends,51646.0,J. Yull,0.00057995,0.8285,0.0007,51646,J. Yull,0.00057995,0.0,1
8_385,51646,J. Yull,51005.0,D. Pierias,0.00019088000000000002,0.9544,0.0002,50949,J. Barnett,0.00075294,0.00056206,0
8_386,51005,D. Pierias,26766.0,B. Vriends,9.841e-05,0.9841,0.0001,26766,B. Vriends,9.841e-05,0.0,1
8_387,26766,B. Vriends,809070.0,E. Cox,0.0,0.9971,0.0,809070,E. Cox,0.0,0.0,1
8_389,17231,P. Klimala,25534.0,A. Ouahim,0.0329901,0.769,0.0429,25534,A. Ouahim,0.0329901,0.0,1
8_393,50949,J. Barnett,51005.0,D. Pierias,9.790000000000001e-05,0.979,0.0001,51646,J. Yull,0.00044590000000000005,0.00034800000000000006,0
8_394,51005,D. Pierias,50949.0,J. Barnett,9.556e-05,0.9556,0.0001,50949,J. Barnett,9.556e-05,0.0,1
8_395,50949,J. Barnett,51646.0,J. Yull,9.519e-05,0.9519,0.0001,51646,J. Yull,9.519e-05,0.0,1
8_396,51646,J. Yull,50949.0,J. Barnett,8.801e-05,0.8801,0.0001,51005,D. Pierias,9.211000000000001e-05,4.100000000000005e-06,0
8_397,50949,J. Barnett,42513.0,Z. Clough,0.0009724,0.748,0.0013,50959,S. Mauk,0.00132392,0.0003515199999999999,0
8_398,973078,F. Talladira,51686.0,A. Goodwin,0.0160776,0.396,0.0406,51686,A. Goodwin,0.0160776,0.0,1
8_399,998256,K. Shaw,51045.0,A. Cáceres,9.292000000000001e-05,0.9292,0.0001,51045,A. Cáceres,9.292000000000001e-05,0.0,1
8_400,51045,A. Cáceres,931987.0,H. Devenish-Meares,0.0,0.9629,0.0,18573,J. Lolley,0.00030064999999999996,0.00030064999999999996,0
8_401,931987,H. Devenish-Meares,51644.0,R. Grant,8.398e-05,0.8398,0.0001,17231,P. Klimala,0.00045955,0.00037557,0
8_402,51644,R. Grant,133852.0,C. Hollman,9.522000000000001e-05,0.9522,0.0001,17231,P. Klimala,0.0019698800000000002,0.0018746600000000002,0
8_405,50949,J. Barnett,42513.0,Z. Clough,0.007326,0.9768,0.0075,51686,A. Goodwin,0.013341529999999999,0.006015529999999999,0
8_406,42513,Z. Clough,51005.0,D. Pierias,0.00267678,0.9914,0.0027,50949,J. Barnett,0.0039352,0.0012584199999999997,0
8_407,51005,D. Pierias,51646.0,J. Yull,0.00302467,0.9757,0.0031,51646,J. Yull,0.00302467,0.0,1
8_409,50949,J. Barnett,42513.0,Z. Clough,0.0030476099999999996,0.9831,0.0031,42513,Z. Clough,0.0030476099999999996,0.0,1
8_410,42513,Z. Clough,51646.0,J. Yull,0.00442125,0.9825,0.0045,51646,J. Yull,0.00442125,0.0,1
8_411,51646,J. Yull,50959.0,S. Mauk,0.0068716,0.838,0.0082,42513,Z. Clough,0.00811242,0.0012408200000000001,0
8_413,133852,C. Hollman,51000.0,J. Courtney-Perkins,0.00065989,0.9427,0.0007,25534,A. Ouahim,0.00206052,0.0014006300000000001,0
8_414,50949,J. Barnett,560893.0,E. Alagich,0.00122115,0.8141,0.0015,51646,J. Yull,0.0034023599999999997,0.0021812099999999994,0
8_415,560893,E. Alagich,51005.0,D. Pierias,0.00785411,0.6491,0.0121,50959,S. Mauk,0.009822000000000001,0.0019678900000000017,0
8_416,51005,D. Pierias,51686.0,A. Goodwin,0.01543572,0.3236,0.0477,50959,S. Mauk,0.025920959999999996,0.010485239999999996,0
8_417,51686,A. Goodwin,50959.0,S. Mauk,0.01182798,0.2857,0.0414,50959,S. Mauk,0.01182798,0.0,1
8_420,50949,J. Barnett,973078.0,F. Talladira,0.00539,0.98,0.0055,51646,J. Yull,0.0056297199999999995,0.0002397199999999997,0
8_421,973078,F. Talladira,809759.0,P. Kikianis,0.00139762,0.9983,0.0014,560893,E. Alagich,0.004318160000000001,0.0029205400000000005,0
8_422,809759,P. Kikianis,973078.0,F. Talladira,0.0019568000000000003,0.9784,0.002,560893,E. Alagich,0.00239085,0.0004340499999999996,0
8_423,973078,F. Talladira,809759.0,P. Kikianis,0.0008959500000000001,0.9955,0.0009,42513,Z. Clough,0.00485968,0.0039637299999999995,0
8_424,809759,P. Kikianis,51646.0,J. Yull,0.00610087,0.5399,0.0113,51646,J. Yull,0.00610087,0.0,1
8_426,51644,R. Grant,28293.0,Léo Sena,9.230000000000001e-05,0.923,0.0001,51045,A. Cáceres,0.0005104199999999999,0.0004181199999999999,0
8_428,42513,Z. Clough,51646.0,J. Yull,0.0137472,0.768,0.0179,51686,A. Goodwin,0.01982825,0.006081049999999999,0
8_429,51646,J. Yull,42513.0,Z. Clough,0.007666160000000001,0.9704,0.0079,42513,Z. Clough,0.007666160000000001,0.0,1
8_430,42513,Z. Clough,560893.0,E. Alagich,0.00604144,0.9904,0.0061,50959,S. Mauk,0.01409484,0.0080534,0
8_431,560893,E. Alagich,50959.0,S. Mauk,0.009799140000000001,0.9607,0.0102,50959,S. Mauk,0.009799140000000001,0.0,1
8_432,50959,S. Mauk,50949.0,J. Barnett,0.00565098,0.9914,0.0057,50949,J. Barnett,0.00565098,0.0,1
8_433,50949,J. Barnett,42513.0,Z. Clough,0.00557786,0.9617,0.0058,560893,E. Alagich,0.01724499,0.011667130000000001,0
8_434,42513,Z. Clough,973078.0,F. Talladira,0.00129454,0.9958,0.0013,51646,J. Yull,0.00815194,0.0068574,0
8_435,973078,F. Talladira,809759.0,P. Kikianis,0.00119832,0.9986,0.0012,50949,J. Barnett,0.00229103,0.00109271,0
8_436,809759,P. Kikianis,50959.0,S. Mauk,0.0054215999999999995,0.9036,0.006,50959,S. Mauk,0.0054215999999999995,0.0,1
8_437,50959,S. Mauk,51686.0,A. Goodwin,0.03003666,0.7863,0.0382,51686,A. Goodwin,0.03003666,0.0,1
8_440,51644,R. Grant,28293.0,Léo Sena,0.00032276,0.8069,0.0004,28293,Léo Sena,0.00032276,0.0,1
8_441,28293,Léo Sena,51045.0,A. Cáceres,0.0019181399999999998,0.9134,0.0021,51045,A. Cáceres,0.0019181399999999998,0.0,1
8_442,51045,A. Cáceres,18573.0,J. Lolley,0.00570648,0.9672,0.0059,25534,A. Ouahim,0.012673500000000002,0.006967020000000003,0
8_443,18573,J. Lolley,51045.0,A. Cáceres,0.01002846,0.7267,0.0138,51045,A. Cáceres,0.01002846,0.0,1
8_444,51045,A. Cáceres,17231.0,P. Klimala,0.02510541,0.2889,0.0869,17231,P. Klimala,0.02510541,0.0,1
8_445,17231,P. Klimala,18573.0,J. Lolley,0.04915824,0.8716,0.0564,25534,A. Ouahim,0.10366289999999999,0.05450465999999999,0
8_448,560893,E. Alagich,809759.0,P. Kikianis,0.00029960999999999996,0.9987,0.0003,809759,P. Kikianis,0.00029960999999999996,0.0,1
8_449,809759,P. Kikianis,560893.0,E. Alagich,0.00069531,0.9933,0.0007,560893,E. Alagich,0.00069531,0.0,1
8_450,560893,E. Alagich,809759.0,P. Kikianis,0.00049765,0.9953,0.0005,809759,P. Kikianis,0.00049765,0.0,1
8_451,809759,P. Kikianis,809070.0,E. Cox,0.0,0.9984,0.0,26766,B. Vriends,0.00019882,0.00019882,0
8_452,809070,E. Cox,51646.0,J. Yull,0.00018348,0.6116,0.0003,50959,S. Mauk,0.00040404000000000004,0.00022056000000000004,0
8_454,51644,R. Grant,28293.0,Léo Sena,0.00029484,0.9828,0.0003,28293,Léo Sena,0.00029484,0.0,1
8_455,28293,Léo Sena,931987.0,H. Devenish-Meares,0.0,0.9937,0.0,51045,A. Cáceres,0.00111982,0.00111982,0
8_456,931987,H. Devenish-Meares,133852.0,C. Hollman,9.793e-05,0.9793,0.0001,133852,C. Hollman,9.793e-05,0.0,1
8_457,133852,C. Hollman,51644.0,R. Grant,9.878e-05,0.9878,0.0001,51644,R. Grant,9.878e-05,0.0,1
8_458,51644,R. Grant,931987.0,H. Devenish-Meares,0.0,0.9915,0.0,51045,A. Cáceres,0.000225,0.000225,0
8_459,931987,H. Devenish-Meares,51000.0,J. Courtney-Perkins,8.889000000000001e-05,0.8889,0.0001,25534,A. Ouahim,0.00040300000000000004,0.00031411000000000004,0
8_460,51005,D. Pierias,51646.0,J. Yull,0.0060791,0.9805,0.0062,50959,S. Mauk,0.01182588,0.005746780000000001,0
8_462,42513,Z. Clough,51686.0,A. Goodwin,0.03121404,0.4862,0.0642,51686,A. Goodwin,0.03121404,0.0,1
8_465,28293,Léo Sena,51045.0,A. Cáceres,0.0009054100000000002,0.8231,0.0011,18573,J. Lolley,0.0012309,0.0003254899999999999,0
8_466,51045,A. Cáceres,18573.0,J. Lolley,0.004601699999999999,0.5113,0.009,25534,A. Ouahim,0.011373270000000001,0.006771570000000002,0
8_467,51045,A. Cáceres,795547.0,Z. de Jesus,0.0004976,0.9952,0.0005,28293,Léo Sena,0.0014809600000000001,0.0009833600000000002,0
8_468,795547,Z. de Jesus,51644.0,R. Grant,0.0,0.9972,0.0,28293,Léo Sena,0.001764,0.001764,0
8_469,51644,R. Grant,998256.0,K. Shaw,9.991e-05,0.9991,0.0001,998256,K. Shaw,9.991e-05,0.0,1
8_470,998256,K. Shaw,51644.0,R. Grant,9.995e-05,0.9995,0.0001,51000,J. Courtney-Perkins,0.0009939,0.00089395,0
8_471,51644,R. Grant,28293.0,Léo Sena,0.00029934,0.9978,0.0003,133852,C. Hollman,0.00128973,0.00099039,0
8_472,28293,Léo Sena,795547.0,Z. de Jesus,0.0009204,0.9204,0.001,18573,J. Lolley,0.0032025199999999995,0.0022821199999999995,0
8_473,795547,Z. de Jesus,18573.0,J. Lolley,0.009342719999999999,0.9732,0.0096,17231,P. Klimala,0.025716600000000003,0.016373880000000004,0
8_474,18573,J. Lolley,51045.0,A. Cáceres,0.009636339999999998,0.9833,0.0098,795547,Z. de Jesus,0.010473960000000001,0.0008376200000000025,0
8_475,51045,A. Cáceres,795547.0,Z. de Jesus,0.00901077,0.9689,0.0093,18573,J. Lolley,0.016505520000000003,0.007494750000000003,0
8_476,795547,Z. de Jesus,28293.0,Léo Sena,0.00333865,0.9539,0.0035,17231,P. Klimala,0.018833759999999998,0.015495109999999998,0
8_477,28293,Léo Sena,795547.0,Z. de Jesus,0.00447028,0.9718,0.0046,51045,A. Cáceres,0.0045422399999999995,7.195999999999939e-05,0
8_478,795547,Z. de Jesus,51045.0,A. Cáceres,0.00572546,0.9386,0.0061,51045,A. Cáceres,0.00572546,0.0,1
8_479,51045,A. Cáceres,795547.0,Z. de Jesus,0.00910726,0.8842,0.0103,795547,Z. de Jesus,0.00910726,0.0,1
8_480,795547,Z. de Jesus,17231.0,P. Klimala,0.019007720000000002,0.1849,0.1028,17231,P. Klimala,0.019007720000000002,0.0,1
8_481,809070,E. Cox,809759.0,P. Kikianis,0.0,0.9796,0.0,809759,P. Kikianis,0.0,0.0,1
8_482,809759,P. Kikianis,51686.0,A. Goodwin,0.0020442,0.6814,0.003,51686,A. Goodwin,0.0020442,0.0,1
8_484,28293,Léo Sena,51644.0,R. Grant,0.0007732,0.9665,0.0008,998256,K. Shaw,0.008224,0.0074508000000000005,0
8_485,51644,R. Grant,51000.0,J. Courtney-Perkins,0.0010965900000000002,0.9969,0.0011,133852,C. Hollman,0.0048420799999999995,0.0037454899999999993,0
8_486,51000,J. Courtney-Perkins,998256.0,K. Shaw,0.00019968,0.9984,0.0002,998256,K. Shaw,0.00019968,0.0,1
8_487,998256,K. Shaw,795547.0,Z. de Jesus,0.00081765,0.9085,0.0009,51644,R. Grant,0.00168368,0.00086603,0
8_489,51646,J. Yull,50949.0,J. Barnett,9.27e-05,0.4635,0.0002,51686,A. Goodwin,0.0034427999999999998,0.0033501,0
8_490,25534,A. Ouahim,51000.0,J. Courtney-Perkins,0.0084099,0.9894,0.0085,17231,P. Klimala,0.0536723,0.0452624,0
8_491,51000,J. Courtney-Perkins,51045.0,A. Cáceres,0.007777550000000001,0.9845,0.0079,133852,C. Hollman,0.0168434,0.00906585,0
8_492,51045,A. Cáceres,25534.0,A. Ouahim,0.010310559999999998,0.9914,0.0104,17231,P. Klimala,0.01897612,0.008665560000000001,0
8_493,25534,A. Ouahim,17231.0,P. Klimala,0.013510799999999998,0.834,0.0162,51045,A. Cáceres,0.02217936,0.00866856,0
8_494,26766,B. Vriends,51005.0,D. Pierias,0.00018738,0.9369,0.0002,51686,A. Goodwin,0.00097704,0.00078966,0
8_495,51005,D. Pierias,50959.0,S. Mauk,0.00035572,0.8893,0.0004,51686,A. Goodwin,0.00066664,0.00031092,0
8_496,50959,S. Mauk,51686.0,A. Goodwin,0.00452214,0.4074,0.0111,51646,J. Yull,0.00710125,0.00257911,0
8_497,931987,H. Devenish-Meares,28293.0,Léo Sena,0.00019976000000000003,0.9988,0.0002,998256,K. Shaw,0.00019984,7.999999999998568e-08,0
8_498,28293,Léo Sena,795547.0,Z. de Jesus,0.0009925000000000001,0.9925,0.001,51045,A. Cáceres,0.0018746000000000001,0.0008821,0
8_499,795547,Z. de Jesus,51045.0,A. Cáceres,0.0034821500000000003,0.9949,0.0035,18573,J. Lolley,0.00841317,0.0049310199999999995,0
8_500,51045,A. Cáceres,18573.0,J. Lolley,0.00324598,0.9547,0.0034,795547,Z. de Jesus,0.0036496000000000002,0.00040362000000000037,0
8_501,18573,J. Lolley,795547.0,Z. de Jesus,0.007642350000000001,0.8991,0.0085,795547,Z. de Jesus,0.007642350000000001,0.0,1
8_502,795547,Z. de Jesus,17231.0,P. Klimala,0.013914450000000002,0.2811,0.0495,17231,P. Klimala,0.013914450000000002,0.0,1
8_503,28293,Léo Sena,51045.0,A. Cáceres,0.0049572,0.972,0.0051,25534,A. Ouahim,0.0100594,0.0051021999999999994,0
8_504,51045,A. Cáceres,25534.0,A. Ouahim,0.011380000000000001,0.9104,0.0125,25534,A. Ouahim,0.011380000000000001,0.0,1
8_505,25534,A. Ouahim,51000.0,J. Courtney-Perkins,0.01305038,0.6727,0.0194,51000,J. Courtney-Perkins,0.01305038,0.0,1
8_507,795547,Z. de Jesus,28293.0,Léo Sena,0.00119076,0.9923,0.0012,51000,J. Courtney-Perkins,0.010271750000000001,0.00908099,0
8_508,28293,Léo Sena,51045.0,A. Cáceres,0.0038860799999999997,0.8096,0.0048,51045,A. Cáceres,0.0038860799999999997,0.0,1
8_509,51045,A. Cáceres,133852.0,C. Hollman,0.01144674,0.6694,0.0171,18573,J. Lolley,0.02048772,0.00904098,0
8_510,133852,C. Hollman,51644.0,R. Grant,0.1413692,0.812,0.1741,51644,R. Grant,0.1413692,0.0,1
8_513,973078,F. Talladira,560893.0,E. Alagich,0.00022229999999999998,0.741,0.0003,42513,Z. Clough,0.0009714599999999999,0.00074916,0
8_515,50959,S. Mauk,560893.0,E. Alagich,0.0012472,0.7795,0.0016,560893,E. Alagich,0.0012472,0.0,1
8_518,809070,E. Cox,26766.0,B. Vriends,0.0,0.996,0.0,42513,Z. Clough,0.0006209,0.0006209,0
8_519,26766,B. Vriends,50949.0,J. Barnett,0.00018786,0.9393,0.0002,42513,Z. Clough,0.00063364,0.00044578,0
8_520,50949,J. Barnett,42513.0,Z. Clough,0.00065541,0.9363,0.0007,42513,Z. Clough,0.00065541,0.0,1
8_522,560893,E. Alagich,50949.0,J. Barnett,0.00039712000000000005,0.9928,0.0004,50949,J. Barnett,0.00039712000000000005,0.0,1
8_523,50949,J. Barnett,42513.0,Z. Clough,0.00019828,0.9914,0.0002,51005,D. Pierias,0.0007544,0.00055612,0
8_524,42513,Z. Clough,51005.0,D. Pierias,0.0007852000000000001,0.9815,0.0008,51686,A. Goodwin,0.0066148000000000005,0.005829600000000001,0
8_525,51005,D. Pierias,42513.0,Z. Clough,0.00029618999999999994,0.9873,0.0003,50949,J. Barnett,0.00451554,0.00421935,0
8_526,42513,Z. Clough,26766.0,B. Vriends,0.00039872000000000003,0.9968,0.0004,50949,J. Barnett,0.00715106,0.00675234,0
8_527,26766,B. Vriends,560893.0,E. Alagich,0.00177156,0.9842,0.0018,560893,E. Alagich,0.00177156,0.0,1
8_528,560893,E. Alagich,42513.0,Z. Clough,0.00165968,0.7216,0.0023,50959,S. Mauk,0.00437617,0.0027164900000000002,0
8_529,42513,Z. Clough,51005.0,D. Pierias,0.0011411999999999998,0.951,0.0012,50949,J. Barnett,0.00169272,0.0005515200000000002,0
8_530,51005,D. Pierias,51686.0,A. Goodwin,0.01799616,0.3296,0.0546,51646,J. Yull,0.033038870000000005,0.015042710000000004,0
8_531,42513,Z. Clough,50949.0,J. Barnett,0.0031920900000000003,0.9673,0.0033,51005,D. Pierias,0.00500346,0.00181137,0
8_532,50949,J. Barnett,50959.0,S. Mauk,0.0056434,0.973,0.0058,560893,E. Alagich,0.00831096,0.0026675599999999994,0
8_533,50959,S. Mauk,50949.0,J. Barnett,0.0029556,0.9852,0.003,560893,E. Alagich,0.00901628,0.00606068,0
8_534,50949,J. Barnett,50959.0,S. Mauk,0.00330768,0.9188,0.0036,42513,Z. Clough,0.0041448,0.0008371199999999998,0
8_535,50959,S. Mauk,26766.0,B. Vriends,0.00199,0.995,0.002,26766,B. Vriends,0.00199,0.0,1
8_536,26766,B. Vriends,809759.0,P. Kikianis,0.0014962500000000002,0.9975,0.0015,809759,P. Kikianis,0.0014962500000000002,0.0,1
8_537,809759,P. Kikianis,51646.0,J. Yull,0.01074969,0.9513,0.0113,51646,J. Yull,0.01074969,0.0,1
8_538,51646,J. Yull,26766.0,B. Vriends,0.0008982899999999999,0.9981,0.0009,51686,A. Goodwin,0.017335020000000003,0.016436730000000004,0
8_541,50949,J. Barnett,51686.0,A. Goodwin,0.02324256,0.4402,0.0528,51686,A. Goodwin,0.02324256,0.0,1
8_543,51045,A. Cáceres,25534.0,A. Ouahim,0.00208978,0.9086,0.0023,18573,J. Lolley,0.00241832,0.00032854,0
8_545,560893,E. Alagich,42513.0,Z. Clough,0.00791073,0.9531,0.0083,51686,A. Goodwin,0.01169042,0.0037796900000000005,0
8_546,42513,Z. Clough,50959.0,S. Mauk,0.09800975,0.7675,0.1277,51686,A. Goodwin,0.09804663999999999,3.688999999998388e-05,0
8_547,50959,S. Mauk,51686.0,A. Goodwin,0.20491812,0.4404,0.4653,51686,A. Goodwin,0.20491812,0.0,1
8_550,28293,Léo Sena,795547.0,Z. de Jesus,0.00038364,0.9591,0.0004,18573,J. Lolley,0.00109402,0.00071038,0
8_551,795547,Z. de Jesus,51045.0,A. Cáceres,0.00228551,0.9937,0.0023,18573,J. Lolley,0.00898414,0.00669863,0
8_552,51045,A. Cáceres,28293.0,Léo Sena,0.00059808,0.9968,0.0006,133852,C. Hollman,0.00187549,0.00127741,0
8_553,28293,Léo Sena,795547.0,Z. de Jesus,0.00173988,0.9666,0.0018,795547,Z. de Jesus,0.00173988,0.0,1
8_554,795547,Z. de Jesus,28293.0,Léo Sena,0.0014916,0.9944,0.0015,51045,A. Cáceres,0.01094436,0.009452760000000001,0
8_555,28293,Léo Sena,51045.0,A. Cáceres,0.00513448,0.9874,0.0052,25534,A. Ouahim,0.016600359999999998,0.011465879999999998,0
8_558,28293,Léo Sena,18573.0,J. Lolley,0.001008,0.72,0.0014,51045,A. Cáceres,0.0021597,0.0011517,0
8_559,133852,C. Hollman,18573.0,J. Lolley,0.013500479999999999,0.4704,0.0287,17231,P. Klimala,0.01847615,0.0049756700000000015,0
8_560,18573,J. Lolley,17231.0,P. Klimala,0.02351195,0.2387,0.0985,17231,P. Klimala,0.02351195,0.0,1
8_563,809070,E. Cox,51686.0,A. Goodwin,0.00258013,0.8323,0.0031,51686,A. Goodwin,0.00258013,0.0,1
8_565,25534,A. Ouahim,18573.0,J. Lolley,0.00641049,0.5673,0.0113,18573,J. Lolley,0.00641049,0.0,1
8_566,18573,J. Lolley,51045.0,A. Cáceres,0.017126560000000002,0.5786,0.0296,17231,P. Klimala,0.062078299999999996,0.04495173999999999,0
8_569,133852,C. Hollman,51045.0,A. Cáceres,0.009565639999999999,0.7532,0.0127,17231,P. Klimala,0.024099900000000004,0.014534260000000005,0
8_570,25534,A. Ouahim,51045.0,A. Cáceres,0.016905919999999998,0.9188,0.0184,133852,C. Hollman,0.028968,0.012062080000000003,0
8_572,25534,A. Ouahim,51045.0,A. Cáceres,0.015887520000000002,0.7788,0.0204,17231,P. Klimala,0.025093820000000003,0.0092063,0
8_573,51045,A. Cáceres,133852.0,C. Hollman,0.0358182,0.7236,0.0495,133852,C. Hollman,0.0358182,0.0,1
8_575,809070,E. Cox,809759.0,P. Kikianis,9.982e-05,0.9982,0.0001,809759,P. Kikianis,9.982e-05,0.0,1
8_576,809759,P. Kikianis,560893.0,E. Alagich,0.00017556,0.8778,0.0002,50959,S. Mauk,0.0008384000000000001,0.00066284,0
8_577,560893,E. Alagich,973078.0,F. Talladira,0.00066688,0.8336,0.0008,51646,J. Yull,0.00247146,0.00180458,0
8_579,133852,C. Hollman,51045.0,A. Cáceres,0.00291115,0.5293,0.0055,17231,P. Klimala,0.008491199999999999,0.00558005,0
8_580,795547,Z. de Jesus,51045.0,A. Cáceres,0.00138176,0.4318,0.0032,18573,J. Lolley,0.0022295,0.00084774,0
8_581,18573,J. Lolley,51644.0,R. Grant,0.00148545,0.9903,0.0015,25534,A. Ouahim,0.0030912,0.0016057500000000002,0
8_582,51644,R. Grant,28293.0,Léo Sena,0.00069629,0.9947,0.0007,28293,Léo Sena,0.00069629,0.0,1
8_584,51644,R. Grant,931987.0,H. Devenish-Meares,0.0,0.995,0.0,795547,Z. de Jesus,0.00027836999999999995,0.00027836999999999995,0
8_585,931987,H. Devenish-Meares,133852.0,C. Hollman,0.00019506,0.9753,0.0002,133852,C. Hollman,0.00019506,0.0,1
8_586,133852,C. Hollman,931987.0,H. Devenish-Meares,0.0,0.9942,0.0,998256,K. Shaw,9.936000000000001e-05,9.936000000000001e-05,0
8_587,931987,H. Devenish-Meares,133852.0,C. Hollman,0.00017034,0.8517,0.0002,51000,J. Courtney-Perkins,0.00024675,7.641000000000001e-05,0
8_588,133852,C. Hollman,51644.0,R. Grant,9.411e-05,0.9411,0.0001,795547,Z. de Jesus,0.00013902,4.491e-05,0
8_589,51644,R. Grant,931987.0,H. Devenish-Meares,0.0,0.9366,0.0,51045,A. Cáceres,9.697e-05,9.697e-05,0
8_590,931987,H. Devenish-Meares,18573.0,J. Lolley,0.00047908,0.6844,0.0007,18573,J. Lolley,0.00047908,0.0,1
8_591,25534,A. Ouahim,51045.0,A. Cáceres,0.0009477,0.9477,0.001,18573,J. Lolley,0.00243877,0.0014910699999999997,0
8_592,51045,A. Cáceres,18573.0,J. Lolley,0.006195129999999999,0.3581,0.0173,18573,J. Lolley,0.006195129999999999,0.0,1
8_595,28293,Léo Sena,18573.0,J. Lolley,0.00031556000000000005,0.7889,0.0004,18573,J. Lolley,0.00031556000000000005,0.0,1
8_596,18573,J. Lolley,795547.0,Z. de Jesus,0.0014307200000000001,0.8942,0.0016,795547,Z. de Jesus,0.0014307200000000001,0.0,1
8_597,973078,F. Talladira,560893.0,E. Alagich,0.00129752,0.9268,0.0014,51646,J. Yull,0.00151038,0.00021286000000000005,0
8_598,560893,E. Alagich,973078.0,F. Talladira,0.00067809,0.9687,0.0007,50949,J. Barnett,0.0022067999999999996,0.0015287099999999995,0
8_599,973078,F. Talladira,809759.0,P. Kikianis,0.00029969999999999997,0.999,0.0003,560893,E. Alagich,0.00132202,0.00102232,0
8_601,809070,E. Cox,26766.0,B. Vriends,9.98e-05,0.998,0.0001,26766,B. Vriends,9.98e-05,0.0,1
8_602,26766,B. Vriends,51005.0,D. Pierias,9.772e-05,0.9772,0.0001,42513,Z. Clough,0.00026166,0.00016393999999999998,0
8_603,51005,D. Pierias,42513.0,Z. Clough,0.00167076,0.9282,0.0018,42513,Z. Clough,0.00167076,0.0,1
8_605,998256,K. Shaw,51045.0,A. Cáceres,0.00114972,0.9581,0.0012,51045,A. Cáceres,0.00114972,0.0,1
8_606,51045,A. Cáceres,133852.0,C. Hollman,0.00170468,0.8972,0.0019,133852,C. Hollman,0.00170468,0.0,1
8_607,133852,C. Hollman,25534.0,A. Ouahim,0.0020031000000000003,0.9105,0.0022,17231,P. Klimala,0.00268987,0.0006867699999999997,0
8_608,25534,A. Ouahim,17231.0,P. Klimala,0.00654738,0.6681,0.0098,17231,P. Klimala,0.00654738,0.0,1
8_611,25534,A. Ouahim,51000.0,J. Courtney-Perkins,0.00744804,0.7302,0.0102,51000,J. Courtney-Perkins,0.00744804,0.0,1
8_612,28293,Léo Sena,133852.0,C. Hollman,0.00570648,0.7316,0.0078,25534,A. Ouahim,0.01014543,0.0044389500000000005,0
8_613,133852,C. Hollman,51000.0,J. Courtney-Perkins,0.0128305,0.9575,0.0134,51000,J. Courtney-Perkins,0.0128305,0.0,1
8_614,51000,J. Courtney-Perkins,133852.0,C. Hollman,0.0052558,0.9556,0.0055,25534,A. Ouahim,0.005659,0.00040320000000000026,0
8_615,133852,C. Hollman,28293.0,Léo Sena,0.00385593,0.9887,0.0039,25534,A. Ouahim,0.00451095,0.0006550199999999996,0
8_616,28293,Léo Sena,25534.0,A. Ouahim,0.0056958600000000005,0.4827,0.0118,25534,A. Ouahim,0.0056958600000000005,0.0,1
8_619,998256,K. Shaw,28293.0,Léo Sena,0.0007984,0.998,0.0008,133852,C. Hollman,0.00256828,0.0017698800000000002,0
8_620,28293,Léo Sena,25534.0,A. Ouahim,0.00265147,0.9143,0.0029,25534,A. Ouahim,0.00265147,0.0,1
8_621,25534,A. Ouahim,51000.0,J. Courtney-Perkins,0.007906700000000001,0.9302,0.0085,51000,J. Courtney-Perkins,0.007906700000000001,0.0,1
8_622,51000,J. Courtney-Perkins,25534.0,A. Ouahim,0.00314944,0.9842,0.0032,17231,P. Klimala,0.00984841,0.00669897,0
8_623,25534,A. Ouahim,133852.0,C. Hollman,0.00481,0.74,0.0065,17231,P. Klimala,0.00497439,0.00016439000000000037,0
8_624,133852,C. Hollman,25534.0,A. Ouahim,0.0066636,0.617,0.0108,25534,A. Ouahim,0.0066636,0.0,1
8_626,50959,S. Mauk,51005.0,D. Pierias,9.512000000000001e-05,0.4756,0.0002,42513,Z. Clough,0.00022028999999999997,0.00012516999999999997,0
8_627,51005,D. Pierias,560893.0,E. Alagich,0.00024096,0.8032,0.0003,51686,A. Goodwin,0.0009807000000000001,0.0007397400000000001,0
8_628,560893,E. Alagich,26766.0,B. Vriends,9.971e-05,0.9971,0.0001,51686,A. Goodwin,0.00177125,0.00167154,0
8_629,26766,B. Vriends,809070.0,E. Cox,0.0,0.9987,0.0,973078,F. Talladira,0.00028218,0.00028218,0
8_630,809070,E. Cox,973078.0,F. Talladira,9.414e-05,0.9414,0.0001,51686,A. Goodwin,0.0015318600000000001,0.0014377200000000002,0
8_631,973078,F. Talladira,560893.0,E. Alagich,0.00056656,0.7082,0.0008,51646,J. Yull,0.00064043,7.386999999999997e-05,0
8_633,25534,A. Ouahim,51045.0,A. Cáceres,0.0046122,0.7687,0.006,17231,P. Klimala,0.01000454,0.005392339999999999,0
8_634,42513,Z. Clough,51646.0,J. Yull,0.0036584999999999994,0.813,0.0045,51686,A. Goodwin,0.0038304000000000003,0.00017190000000000087,0
8_635,809070,E. Cox,809759.0,P. Kikianis,9.884e-05,0.9884,0.0001,26766,B. Vriends,9.959e-05,7.500000000000047e-07,0
8_636,809759,P. Kikianis,809070.0,E. Cox,0.0,0.9988,0.0,809070,E. Cox,0.0,0.0,1
8_637,809070,E. Cox,26766.0,B. Vriends,9.95e-05,0.995,0.0001,51005,D. Pierias,0.00046508,0.00036558,0
8_638,26766,B. Vriends,560893.0,E. Alagich,0.00018962000000000002,0.9481,0.0002,560893,E. Alagich,0.00018962000000000002,0.0,1
8_639,560893,E. Alagich,51005.0,D. Pierias,0.00073898,0.6718,0.0011,51005,D. Pierias,0.00073898,0.0,1
8_643,50949,J. Barnett,42513.0,Z. Clough,0.00059802,0.9967,0.0006,42513,Z. Clough,0.00059802,0.0,1
8_644,42513,Z. Clough,26766.0,B. Vriends,0.00019986,0.9993,0.0002,50959,S. Mauk,0.0011929199999999999,0.0009930599999999998,0
8_645,26766,B. Vriends,809759.0,P. Kikianis,9.989000000000001e-05,0.9989,0.0001,50949,J. Barnett,0.00059388,0.0004939899999999999,0
8_646,809759,P. Kikianis,50959.0,S. Mauk,0.0006440700000000001,0.9201,0.0007,51005,D. Pierias,0.0017496000000000002,0.0011055300000000002,0
8_647,50959,S. Mauk,51005.0,D. Pierias,0.00211838,0.9629,0.0022,42513,Z. Clough,0.00699875,0.00488037,0
8_648,51005,D. Pierias,50959.0,S. Mauk,0.0037278,0.4905,0.0076,42513,Z. Clough,0.00442624,0.0006984399999999998,0
8_649,50959,S. Mauk,42513.0,Z. Clough,0.00546344,0.8812,0.0062,51686,A. Goodwin,0.016752740000000002,0.011289300000000002,0
8_650,28293,Léo Sena,25534.0,A. Ouahim,0.0006736,0.842,0.0008,17231,P. Klimala,0.00246218,0.0017885800000000001,0
8_652,28293,Léo Sena,51045.0,A. Cáceres,0.00367578,0.6807,0.0054,18573,J. Lolley,0.00488048,0.0012047000000000004,0
8_653,51045,A. Cáceres,17231.0,P. Klimala,0.01005169,0.3973,0.0253,17231,P. Klimala,0.01005169,0.0,1
8_654,17231,P. Klimala,51045.0,A. Cáceres,0.0075335,0.793,0.0095,25534,A. Ouahim,0.0262766,0.0187431,0
8_655,51045,A. Cáceres,51000.0,J. Courtney-Perkins,0.01644996,0.9454,0.0174,25534,A. Ouahim,0.05578361999999999,0.03933365999999999,0
8_656,51000,J. Courtney-Perkins,51045.0,A. Cáceres,0.009766350000000002,0.9865,0.0099,25534,A. Ouahim,0.020493,0.010726649999999999,0
8_657,51045,A. Cáceres,25534.0,A. Ouahim,0.007902359999999999,0.9756,0.0081,51000,J. Courtney-Perkins,0.01344717,0.005544810000000001,0
8_658,25534,A. Ouahim,51045.0,A. Cáceres,0.01653056,0.8984,0.0184,51000,J. Courtney-Perkins,0.017135960000000002,0.0006054000000000025,0
8_659,51045,A. Cáceres,17231.0,P. Klimala,0.0124642,0.8903,0.014,25534,A. Ouahim,0.01973909,0.007274890000000001,0
8_660,809759,P. Kikianis,50959.0,S. Mauk,0.0006661600000000001,0.8327,0.0008,51686,A. Goodwin,0.00119808,0.00053192,0
8_661,50959,S. Mauk,560893.0,E. Alagich,0.0008848,0.8848,0.001,51646,J. Yull,0.004959689999999999,0.004074889999999999,0
8_662,18573,J. Lolley,51000.0,J. Courtney-Perkins,0.0035035199999999996,0.9732,0.0036,51000,J. Courtney-Perkins,0.0035035199999999996,0.0,1
8_663,51000,J. Courtney-Perkins,133852.0,C. Hollman,0.0013977599999999998,0.9984,0.0014,25534,A. Ouahim,0.014008119999999999,0.01261036,0
8_664,133852,C. Hollman,998256.0,K. Shaw,0.0009949,0.9949,0.001,28293,Léo Sena,0.0034058499999999998,0.00241095,0
8_665,998256,K. Shaw,51644.0,R. Grant,0.00109417,0.9947,0.0011,795547,Z. de Jesus,0.0035795999999999996,0.0024854299999999994,0
8_666,51644,R. Grant,28293.0,Léo Sena,0.0019848400000000003,0.9022,0.0022,795547,Z. de Jesus,0.0031742399999999996,0.0011893999999999993,0
8_667,28293,Léo Sena,51644.0,R. Grant,0.00117684,0.9807,0.0012,795547,Z. de Jesus,0.00473418,0.00355734,0
8_668,51644,R. Grant,51045.0,A. Cáceres,0.00394266,0.8571,0.0046,51045,A. Cáceres,0.00394266,0.0,1
8_669,51045,A. Cáceres,795547.0,Z. de Jesus,0.00395002,0.8587,0.0046,795547,Z. de Jesus,0.00395002,0.0,1
8_670,795547,Z. de Jesus,51045.0,A. Cáceres,0.0037100699999999998,0.9513,0.0039,17231,P. Klimala,0.00659898,0.00288891,0
8_671,51045,A. Cáceres,133852.0,C. Hollman,0.00657552,0.5871,0.0112,17231,P. Klimala,0.00829884,0.0017233200000000004,0
8_672,26766,B. Vriends,51005.0,D. Pierias,9.838e-05,0.9838,0.0001,42513,Z. Clough,0.00017078000000000001,7.240000000000001e-05,0
8_673,51005,D. Pierias,26766.0,B. Vriends,8.562e-05,0.8562,0.0001,42513,Z. Clough,0.00017360999999999999,8.798999999999999e-05,0
8_675,25534,A. Ouahim,133852.0,C. Hollman,0.012851250000000002,0.8625,0.0149,51000,J. Courtney-Perkins,0.01333701,0.0004857599999999983,0
8_676,133852,C. Hollman,51045.0,A. Cáceres,0.01514504,0.8231,0.0184,51045,A. Cáceres,0.01514504,0.0,1
8_677,42513,Z. Clough,560895.0,Isaias,0.00017318000000000002,0.8659,0.0002,26766,B. Vriends,0.0001778,4.619999999999993e-06,0
8_678,560895,Isaias,51005.0,D. Pierias,0.000307,0.7675,0.0004,797295,L. Jovanovic,0.00047348,0.00016648,0
8_679,51000,J. Courtney-Perkins,998256.0,K. Shaw,0.00086454,0.9606,0.0009,28293,Léo Sena,0.0036057,0.00274116,0
8_680,809070,E. Cox,809759.0,P. Kikianis,9.914e-05,0.9914,0.0001,809759,P. Kikianis,9.914e-05,0.0,1
8_681,809759,P. Kikianis,50959.0,S. Mauk,0.00026040000000000004,0.5208,0.0005,797295,L. Jovanovic,0.00127282,0.00101242,0
8_683,28293,Léo Sena,17231.0,P. Klimala,0.01265811,0.6917,0.0183,25534,A. Ouahim,0.0164356,0.0037774900000000014,0
8_684,17231,P. Klimala,25534.0,A. Ouahim,0.022157279999999998,0.6021,0.0368,18573,J. Lolley,0.07524265,0.05308536999999999,0
8_685,560893,E. Alagich,809759.0,P. Kikianis,0.00019616000000000002,0.9808,0.0002,797295,L. Jovanovic,0.0026642,0.00246804,0
8_686,809759,P. Kikianis,26766.0,B. Vriends,9.82e-05,0.982,0.0001,42513,Z. Clough,0.00043547999999999997,0.00033727999999999997,0
8_687,26766,B. Vriends,42513.0,Z. Clough,0.00018182000000000002,0.9091,0.0002,51005,D. Pierias,0.00026646,8.463999999999998e-05,0
8_688,42513,Z. Clough,797295.0,L. Jovanovic,0.00117249,0.3553,0.0033,797295,L. Jovanovic,0.00117249,0.0,1
8_691,18573,J. Lolley,25534.0,A. Ouahim,0.00136128,0.8508,0.0016,17231,P. Klimala,0.010793160000000001,0.009431880000000002,0
8_693,973078,F. Talladira,51646.0,J. Yull,0.00065772,0.9396,0.0007,797295,L. Jovanovic,0.0017312799999999998,0.0010735599999999999,0
8_695,28293,Léo Sena,25534.0,A. Ouahim,0.01474652,0.8524,0.0173,17231,P. Klimala,0.03969438,0.024947860000000002,0
8_697,28293,Léo Sena,18573.0,J. Lolley,0.00980282,0.5053,0.0194,18573,J. Lolley,0.00980282,0.0,1
8_700,998256,K. Shaw,133852.0,C. Hollman,0.0004985500000000001,0.9971,0.0005,51644,R. Grant,0.00103895,0.0005404,0
8_701,133852,C. Hollman,28293.0,Léo Sena,0.00135534,0.9681,0.0014,28293,Léo Sena,0.00135534,0.0,1
8_702,28293,Léo Sena,51644.0,R. Grant,0.00127738,0.9826,0.0013,51644,R. Grant,0.00127738,0.0,1
8_703,51644,R. Grant,998256.0,K. Shaw,0.00039932,0.9983,0.0004,998256,K. Shaw,0.00039932,0.0,1
8_704,998256,K. Shaw,51644.0,R. Grant,0.00049605,0.9921,0.0005,51644,R. Grant,0.00049605,0.0,1
8_705,51644,R. Grant,28293.0,Léo Sena,0.0016722899999999999,0.9837,0.0017,51045,A. Cáceres,0.00195342,0.0002811300000000001,0
8_706,28293,Léo Sena,51000.0,J. Courtney-Perkins,0.00166644,0.9258,0.0018,51000,J. Courtney-Perkins,0.00166644,0.0,1
8_707,51000,J. Courtney-Perkins,18573.0,J. Lolley,0.0027461799999999995,0.8077,0.0034,51045,A. Cáceres,0.00425048,0.0015043000000000005,0
8_708,18573,J. Lolley,133852.0,C. Hollman,0.0030073099999999996,0.9701,0.0031,51045,A. Cáceres,0.01021666,0.0072093500000000015,0
8_709,133852,C. Hollman,795547.0,Z. de Jesus,0.00188974,0.9946,0.0019,25534,A. Ouahim,0.0035463599999999997,0.0016566199999999997,0
8_710,795547,Z. de Jesus,25534.0,A. Ouahim,0.00262845,0.9735,0.0027,25534,A. Ouahim,0.00262845,0.0,1
8_711,25534,A. Ouahim,133852.0,C. Hollman,0.0009967,0.9967,0.001,795547,Z. de Jesus,0.004459950000000001,0.0034632500000000006,0
8_712,133852,C. Hollman,998256.0,K. Shaw,0.0006990200000000001,0.9986,0.0007,998256,K. Shaw,0.0006990200000000001,0.0,1
8_713,998256,K. Shaw,133852.0,C. Hollman,0.0005975399999999999,0.9959,0.0006,795547,Z. de Jesus,0.00252936,0.00193182,0
8_714,133852,C. Hollman,795547.0,Z. de Jesus,0.00153776,0.9611,0.0016,25534,A. Ouahim,0.0019672799999999996,0.00042951999999999964,0
8_715,795547,Z. de Jesus,133852.0,C. Hollman,0.00049745,0.9949,0.0005,25534,A. Ouahim,0.00240474,0.0019072899999999999,0
8_716,133852,C. Hollman,998256.0,K. Shaw,0.00039900000000000005,0.9975,0.0004,998256,K. Shaw,0.00039900000000000005,0.0,1
8_717,998256,K. Shaw,25534.0,A. Ouahim,0.00231174,0.8562,0.0027,18573,J. Lolley,0.00416846,0.0018567199999999996,0
8_718,51646,J. Yull,50959.0,S. Mauk,0.0030844,0.701,0.0044,797295,L. Jovanovic,0.007996139999999999,0.004911739999999999,0
8_719,50959,S. Mauk,51646.0,J. Yull,0.00361646,0.9517,0.0038,42513,Z. Clough,0.01386764,0.01025118,0
8_720,51646,J. Yull,797295.0,L. Jovanovic,0.01055865,0.8185,0.0129,42513,Z. Clough,0.0122578,0.00169915,0
8_722,560893,E. Alagich,51646.0,J. Yull,0.029075860000000002,0.9757,0.0298,42513,Z. Clough,0.053909019999999995,0.024833159999999993,0
8_723,51646,J. Yull,50959.0,S. Mauk,0.01815879,0.5993,0.0303,560893,E. Alagich,0.019561679999999998,0.001402889999999997,0
8_725,51646,J. Yull,560893.0,E. Alagich,0.00199,0.995,0.002,809759,P. Kikianis,0.0084669,0.006476899999999999,0
8_726,560893,E. Alagich,973078.0,F. Talladira,0.0007980800000000001,0.9976,0.0008,973078,F. Talladira,0.0007980800000000001,0.0,1
8_727,973078,F. Talladira,26766.0,B. Vriends,0.00039956000000000003,0.9989,0.0004,809759,P. Kikianis,0.0032151,0.0028155399999999996,0
8_728,26766,B. Vriends,809759.0,P. Kikianis,0.00029985,0.9995,0.0003,809759,P. Kikianis,0.00029985,0.0,1
8_729,809759,P. Kikianis,42513.0,Z. Clough,0.00156924,0.8718,0.0018,42513,Z. Clough,0.00156924,0.0,1
8_730,42513,Z. Clough,51005.0,D. Pierias,0.00109241,0.9931,0.0011,51005,D. Pierias,0.00109241,0.0,1
8_731,51005,D. Pierias,809759.0,P. Kikianis,0.00019800000000000002,0.99,0.0002,42513,Z. Clough,0.0009157,0.0007176999999999999,0
8_732,809759,P. Kikianis,50959.0,S. Mauk,0.015678,0.335,0.0468,50959,S. Mauk,0.015678,0.0,1
8_733,998256,K. Shaw,51045.0,A. Cáceres,0.00149908,0.6814,0.0022,51045,A. Cáceres,0.00149908,0.0,1
8_734,51045,A. Cáceres,133852.0,C. Hollman,0.00227088,0.9462,0.0024,18573,J. Lolley,0.0034844999999999998,0.0012136199999999999,0
8_735,133852,C. Hollman,25534.0,A. Ouahim,0.00299243,0.9653,0.0031,18573,J. Lolley,0.01713249,0.01414006,0
8_736,25534,A. Ouahim,18573.0,J. Lolley,0.00605504,0.9461,0.0064,17231,P. Klimala,0.008920319999999999,0.0028652799999999987,0
8_737,18573,J. Lolley,25534.0,A. Ouahim,0.0061836799999999996,0.9662,0.0064,25534,A. Ouahim,0.0061836799999999996,0.0,1
8_738,25534,A. Ouahim,18573.0,J. Lolley,0.0036537,0.9615,0.0038,51000,J. Courtney-Perkins,0.029980859999999998,0.02632716,0
8_739,18573,J. Lolley,795547.0,Z. de Jesus,0.00506688,0.9744,0.0052,795547,Z. de Jesus,0.00506688,0.0,1
8_740,795547,Z. de Jesus,25534.0,A. Ouahim,0.005446,0.9725,0.0056,18573,J. Lolley,0.00930204,0.003856039999999999,0
8_741,25534,A. Ouahim,18573.0,J. Lolley,0.012914299999999998,0.4855,0.0266,18573,J. Lolley,0.012914299999999998,0.0,1
8_742,51045,A. Cáceres,133852.0,C. Hollman,0.00771012,0.7139,0.0108,133852,C. Hollman,0.00771012,0.0,1
8_743,133852,C. Hollman,51045.0,A. Cáceres,0.01409152,0.6976,0.0202,51000,J. Courtney-Perkins,0.03271101,0.01861949,0
8_744,51045,A. Cáceres,51000.0,J. Courtney-Perkins,0.01561425,0.8175,0.0191,133852,C. Hollman,0.020692359999999996,0.005078109999999997,0
8_745,51000,J. Courtney-Perkins,133852.0,C. Hollman,0.024302099999999997,0.8238,0.0295,133852,C. Hollman,0.024302099999999997,0.0,1
8_746,51646,J. Yull,809759.0,P. Kikianis,0.00019032,0.9516,0.0002,51005,D. Pierias,0.00063208,0.00044176,0
8_747,809759,P. Kikianis,51005.0,D. Pierias,0.00027695,0.5539,0.0005,51005,D. Pierias,0.00027695,0.0,1
8_748,51005,D. Pierias,560895.0,Isaias,0.00035880000000000005,0.897,0.0004,560895,Isaias,0.00035880000000000005,0.0,1
8_749,26766,B. Vriends,51005.0,D. Pierias,0.0,0.9853,0.0,51005,D. Pierias,0.0,0.0,1
8_750,51005,D. Pierias,26766.0,B. Vriends,0.0,0.9559,0.0,26766,B. Vriends,0.0,0.0,1
8_751,26766,B. Vriends,797295.0,L. Jovanovic,0.00042546,0.6078,0.0007,797295,L. Jovanovic,0.00042546,0.0,1
8_752,51644,R. Grant,998256.0,K. Shaw,0.00029225999999999997,0.9742,0.0003,133852,C. Hollman,0.00228416,0.0019919,0
8_753,998256,K. Shaw,28293.0,Léo Sena,0.0008937,0.993,0.0009,28293,Léo Sena,0.0008937,0.0,1
8_754,28293,Léo Sena,998256.0,K. Shaw,0.00029835,0.9945,0.0003,51644,R. Grant,0.00078472,0.00048637,0
8_755,998256,K. Shaw,28293.0,Léo Sena,0.00029843999999999997,0.9948,0.0003,133852,C. Hollman,0.0009445,0.0006460600000000001,0
8_756,28293,Léo Sena,51644.0,R. Grant,0.00039900000000000005,0.9975,0.0004,51000,J. Courtney-Perkins,0.0005020199999999999,0.00010301999999999989,0
8_757,51644,R. Grant,795547.0,Z. de Jesus,0.0004851,0.9702,0.0005,795547,Z. de Jesus,0.0004851,0.0,1
8_758,795547,Z. de Jesus,18573.0,J. Lolley,0.000941,0.941,0.001,18573,J. Lolley,0.000941,0.0,1
8_759,18573,J. Lolley,998256.0,K. Shaw,0.0003914,0.9785,0.0004,795547,Z. de Jesus,0.007311150000000001,0.0069197500000000006,0
8_760,998256,K. Shaw,51000.0,J. Courtney-Perkins,0.0004993500000000001,0.9987,0.0005,28293,Léo Sena,0.00139524,0.00089589,0
8_761,51000,J. Courtney-Perkins,51045.0,A. Cáceres,0.00207816,0.9896,0.0021,51045,A. Cáceres,0.00207816,0.0,1
8_762,51045,A. Cáceres,17231.0,P. Klimala,0.00607464,0.7788,0.0078,17231,P. Klimala,0.00607464,0.0,1
8_763,17231,P. Klimala,998256.0,K. Shaw,0.00153264,0.9579,0.0016,25534,A. Ouahim,0.01090299,0.00937035,0
8_764,931987,H. Devenish-Meares,28293.0,Léo Sena,0.00048885,0.9777,0.0005,28293,Léo Sena,0.00048885,0.0,1
8_765,28293,Léo Sena,795547.0,Z. de Jesus,0.0044155800000000005,0.8177,0.0054,17231,P. Klimala,0.0127636,0.00834802,0
8_769,797295,L. Jovanovic,51646.0,J. Yull,0.0111618,0.8268,0.0135,51646,J. Yull,0.0111618,0.0,1
8_770,51646,J. Yull,797295.0,L. Jovanovic,0.01262382,0.6787,0.0186,797295,L. Jovanovic,0.01262382,0.0,1
8_771,133854,A. Segecic,18573.0,J. Lolley,0.00061047,0.8721,0.0007,25534,A. Ouahim,0.0007869,0.00017643,0
8_772,18573,J. Lolley,25534.0,A. Ouahim,0.00176505,0.8405,0.0021,133854,A. Segecic,0.00338682,0.00162177,0
8_773,25534,A. Ouahim,18573.0,J. Lolley,0.00354424,0.6329,0.0056,133854,A. Segecic,0.00376464,0.00022039999999999994,0
8_775,51045,A. Cáceres,17231.0,P. Klimala,0.0155235,0.395,0.0393,17231,P. Klimala,0.0155235,0.0,1
8_777,26766,B. Vriends,51005.0,D. Pierias,0.0002958,0.986,0.0003,51005,D. Pierias,0.0002958,0.0,1
8_778,51005,D. Pierias,560895.0,Isaias,0.00019894000000000002,0.9947,0.0002,560895,Isaias,0.00019894000000000002,0.0,1
8_779,560895,Isaias,51005.0,D. Pierias,0.00019914000000000002,0.9957,0.0002,51005,D. Pierias,0.00019914000000000002,0.0,1
8_780,51005,D. Pierias,26766.0,B. Vriends,9.94e-05,0.994,0.0001,560895,Isaias,0.00018414,8.474e-05,0
8_781,26766,B. Vriends,560895.0,Isaias,9.726e-05,0.9726,0.0001,560895,Isaias,9.726e-05,0.0,1
8_782,560895,Isaias,809070.0,E. Cox,0.0,0.995,0.0,809759,P. Kikianis,9.896000000000001e-05,9.896000000000001e-05,0
8_783,809070,E. Cox,560893.0,E. Alagich,0.00019366,0.9683,0.0002,560893,E. Alagich,0.00019366,0.0,1
8_784,560893,E. Alagich,26766.0,B. Vriends,9.913e-05,0.9913,0.0001,26766,B. Vriends,9.913e-05,0.0,1
8_786,809070,E. Cox,26766.0,B. Vriends,0.00019714000000000003,0.9857,0.0002,51646,J. Yull,0.00070895,0.0005118099999999999,0
8_787,26766,B. Vriends,560893.0,E. Alagich,9.299e-05,0.9299,0.0001,797295,L. Jovanovic,0.0006206,0.00052761,0
8_788,560893,E. Alagich,809070.0,E. Cox,0.0,0.9152,0.0,42513,Z. Clough,0.00018054,0.00018054,0
8_789,809070,E. Cox,797295.0,L. Jovanovic,0.000296,0.74,0.0004,51005,D. Pierias,0.00032345000000000003,2.7450000000000044e-05,0
8_795,26766,B. Vriends,809759.0,P. Kikianis,9.969e-05,0.9969,0.0001,809759,P. Kikianis,9.969e-05,0.0,1
8_796,809759,P. Kikianis,973078.0,F. Talladira,0.0009815000000000002,0.9815,0.001,973078,F. Talladira,0.0009815000000000002,0.0,1
8_797,973078,F. Talladira,50971.0,Y. Dukuly,0.0020605199999999997,0.9812,0.0021,51646,J. Yull,0.0040971,0.0020365800000000005,0
8_798,50971,Y. Dukuly,560893.0,E. Alagich,0.0023085000000000002,0.9234,0.0025,51646,J. Yull,0.00386124,0.00155274,0
8_799,560893,E. Alagich,50971.0,Y. Dukuly,0.00765146,0.4006,0.0191,797295,L. Jovanovic,0.00958512,0.001933660000000001,0
8_800,50971,Y. Dukuly,42513.0,Z. Clough,0.03361536,0.5836,0.0576,42513,Z. Clough,0.03361536,0.0,1
8_802,133852,C. Hollman,931987.0,H. Devenish-Meares,0.0,0.862,0.0,931987,H. Devenish-Meares,0.0,0.0,1
8_803,931987,H. Devenish-Meares,17231.0,P. Klimala,0.0008149699999999999,0.6269,0.0013,17231,P. Klimala,0.0008149699999999999,0.0,1
8_804,809759,P. Kikianis,809070.0,E. Cox,0.0,0.9986,0.0,560893,E. Alagich,0.00154598,0.00154598,0
8_805,809070,E. Cox,26766.0,B. Vriends,9.987e-05,0.9987,0.0001,26766,B. Vriends,9.987e-05,0.0,1
8_806,26766,B. Vriends,809759.0,P. Kikianis,9.985000000000001e-05,0.9985,0.0001,809759,P. Kikianis,9.985000000000001e-05,0.0,1
8_807,809759,P. Kikianis,51646.0,J. Yull,0.00175842,0.9769,0.0018,51646,J. Yull,0.00175842,0.0,1
8_808,51646,J. Yull,809759.0,P. Kikianis,0.00018782000000000003,0.9391,0.0002,50971,Y. Dukuly,0.0043296,0.00414178,0
8_809,809759,P. Kikianis,560893.0,E. Alagich,0.0004995,0.999,0.0005,560893,E. Alagich,0.0004995,0.0,1
8_810,560893,E. Alagich,973078.0,F. Talladira,0.0011886,0.9905,0.0012,51646,J. Yull,0.0020046599999999997,0.0008160599999999997,0
8_811,973078,F. Talladira,50971.0,Y. Dukuly,0.0028986,0.9662,0.003,50971,Y. Dukuly,0.0028986,0.0,1
8_814,560893,E. Alagich,560895.0,Isaias,0.0069722000000000004,0.982,0.0071,51005,D. Pierias,0.00828072,0.0013085199999999996,0
8_815,560895,Isaias,26766.0,B. Vriends,0.0026638200000000003,0.9866,0.0027,560893,E. Alagich,0.00376922,0.0011053999999999999,0
8_816,26766,B. Vriends,51005.0,D. Pierias,0.00334118,0.9827,0.0034,51005,D. Pierias,0.00334118,0.0,1
8_817,51005,D. Pierias,26766.0,B. Vriends,0.00208005,0.9905,0.0021,42513,Z. Clough,0.01215494,0.01007489,0
8_818,26766,B. Vriends,809759.0,P. Kikianis,0.0021927400000000003,0.9967,0.0022,560895,Isaias,0.00325347,0.0010607299999999997,0
8_819,809759,P. Kikianis,560893.0,E. Alagich,0.00451204,0.8677,0.0052,51005,D. Pierias,0.00453792,2.5879999999999827e-05,0
8_820,560893,E. Alagich,50971.0,Y. Dukuly,0.010323450000000001,0.7647,0.0135,50971,Y. Dukuly,0.010323450000000001,0.0,1
8_821,133854,A. Segecic,18573.0,J. Lolley,0.0017272799999999999,0.9596,0.0018,18573,J. Lolley,0.0017272799999999999,0.0,1
8_822,18573,J. Lolley,133852.0,C. Hollman,0.00049445,0.9889,0.0005,133854,A. Segecic,0.0025848,0.00209035,0
8_823,133852,C. Hollman,133854.0,A. Segecic,0.0012432,0.8288,0.0015,28293,Léo Sena,0.001332,8.879999999999999e-05,0
8_824,51646,J. Yull,26766.0,B. Vriends,0.0004966,0.9932,0.0005,797295,L. Jovanovic,0.00877998,0.00828338,0
8_825,26766,B. Vriends,51005.0,D. Pierias,0.0005975399999999999,0.9959,0.0006,42513,Z. Clough,0.00445275,0.0038552100000000004,0
8_826,51005,D. Pierias,42513.0,Z. Clough,0.0019742,0.9871,0.002,42513,Z. Clough,0.0019742,0.0,1
8_827,42513,Z. Clough,51005.0,D. Pierias,0.00577869,0.8139,0.0071,51005,D. Pierias,0.00577869,0.0,1
8_828,51005,D. Pierias,797295.0,L. Jovanovic,0.00840268,0.2486,0.0338,50971,Y. Dukuly,0.041589480000000005,0.0331868,0
8_830,133852,C. Hollman,133854.0,A. Segecic,0.00036570000000000005,0.7314,0.0005,133854,A. Segecic,0.00036570000000000005,0.0,1
8_831,133854,A. Segecic,28293.0,Léo Sena,9.819000000000001e-05,0.9819,0.0001,18573,J. Lolley,0.0008951,0.0007969100000000001,0
8_832,28293,Léo Sena,25534.0,A. Ouahim,0.0033444300000000002,0.9039,0.0037,25534,A. Ouahim,0.0033444300000000002,0.0,1
8_833,25534,A. Ouahim,18573.0,J. Lolley,0.00278616,0.5358,0.0052,17231,P. Klimala,0.00735171,0.00456555,0
8_834,18573,J. Lolley,133854.0,A. Segecic,0.0480596,0.274,0.1754,17231,P. Klimala,0.16858040000000002,0.12052080000000001,0
8_837,560895,Isaias,809759.0,P. Kikianis,0.00039956000000000003,0.9989,0.0004,42513,Z. Clough,0.009397649999999999,0.008998089999999999,0
8_838,809759,P. Kikianis,973078.0,F. Talladira,0.00185991,0.9789,0.0019,973078,F. Talladira,0.00185991,0.0,1
8_839,973078,F. Talladira,51646.0,J. Yull,0.00663204,0.9753,0.0068,560893,E. Alagich,0.007382339999999999,0.0007502999999999998,0
8_840,51646,J. Yull,560895.0,Isaias,0.00813768,0.9924,0.0082,560893,E. Alagich,0.0240647,0.01592702,0
8_841,560895,Isaias,51005.0,D. Pierias,0.0103176,0.8598,0.012,42513,Z. Clough,0.01861608,0.00829848,0
8_842,51005,D. Pierias,42513.0,Z. Clough,0.01710276,0.2154,0.0794,797295,L. Jovanovic,0.02613104,0.00902828,0
8_843,51646,J. Yull,797295.0,L. Jovanovic,0.00587664,0.3339,0.0176,42513,Z. Clough,0.0069006,0.00102396,0
8_845,51644,R. Grant,28293.0,Léo Sena,0.00129584,0.9968,0.0013,28293,Léo Sena,0.00129584,0.0,1
8_846,28293,Léo Sena,51644.0,R. Grant,0.00019776,0.9888,0.0002,51644,R. Grant,0.00019776,0.0,1
8_847,51644,R. Grant,998256.0,K. Shaw,9.952e-05,0.9952,0.0001,51000,J. Courtney-Perkins,0.00029172,0.00019219999999999998,0
8_848,998256,K. Shaw,51000.0,J. Courtney-Perkins,0.00019662,0.9831,0.0002,133853,J. Kucharski,0.00227745,0.0020808299999999997,0
8_849,51000,J. Courtney-Perkins,51644.0,R. Grant,0.00027423,0.9141,0.0003,51045,A. Cáceres,0.0009252,0.0006509700000000001,0
8_850,51644,R. Grant,133853.0,J. Kucharski,0.0013516,0.6758,0.002,17231,P. Klimala,0.0022876,0.000936,0
8_853,931987,H. Devenish-Meares,18573.0,J. Lolley,0.0005259,0.5259,0.001,133854,A. Segecic,0.00067463,0.0001487299999999999,0
8_854,809759,P. Kikianis,973078.0,F. Talladira,0.00059423,0.8489,0.0007,560893,E. Alagich,0.00064912,5.489000000000004e-05,0
8_855,973078,F. Talladira,51646.0,J. Yull,0.00592144,0.4976,0.0119,51646,J. Yull,0.00592144,0.0,1
8_857,28293,Léo Sena,51045.0,A. Cáceres,0.00341712,0.9492,0.0036,51045,A. Cáceres,0.00341712,0.0,1
8_858,51045,A. Cáceres,51644.0,R. Grant,0.0004984,0.9968,0.0005,133854,A. Segecic,0.007289600000000001,0.006791200000000001,0
8_859,51644,R. Grant,133852.0,C. Hollman,0.0007932000000000001,0.9915,0.0008,28293,Léo Sena,0.00187777,0.00108457,0
8_860,133852,C. Hollman,51045.0,A. Cáceres,0.0010888900000000001,0.9899,0.0011,28293,Léo Sena,0.0016898,0.0006009099999999999,0
8_861,51045,A. Cáceres,28293.0,Léo Sena,0.00204645,0.9745,0.0021,18573,J. Lolley,0.00283965,0.0007932,0
8_862,28293,Léo Sena,18573.0,J. Lolley,0.00258687,0.9581,0.0027,18573,J. Lolley,0.00258687,0.0,1
8_863,18573,J. Lolley,17231.0,P. Klimala,0.01146317,0.4567,0.0251,17231,P. Klimala,0.01146317,0.0,1
8_865,809759,P. Kikianis,560895.0,Isaias,0.00179046,0.9947,0.0018,560893,E. Alagich,0.0026878500000000003,0.0008973900000000003,0
8_866,560895,Isaias,26766.0,B. Vriends,0.00039816,0.9954,0.0004,42513,Z. Clough,0.00156064,0.00116248,0
8_867,26766,B. Vriends,42513.0,Z. Clough,0.00129584,0.9968,0.0013,42513,Z. Clough,0.00129584,0.0,1
8_869,560895,Isaias,560893.0,E. Alagich,0.00739275,0.9857,0.0075,560893,E. Alagich,0.00739275,0.0,1
8_870,560893,E. Alagich,42513.0,Z. Clough,0.01194453,0.9711,0.0123,797295,L. Jovanovic,0.015238300000000001,0.0032937700000000014,0
8_871,42513,Z. Clough,797295.0,L. Jovanovic,0.013906080000000003,0.2664,0.0522,50971,Y. Dukuly,0.0155196,0.0016135199999999968,0
8_872,133852,C. Hollman,17231.0,P. Klimala,0.0008953899999999998,0.5267,0.0017,51644,R. Grant,0.0010266,0.0001312100000000001,0
8_874,51045,A. Cáceres,28293.0,Léo Sena,0.0022514699999999998,0.9789,0.0023,133853,J. Kucharski,0.0172017,0.01495023,0
8_875,28293,Léo Sena,51000.0,J. Courtney-Perkins,0.00387435,0.5615,0.0069,133853,J. Kucharski,0.015125519999999998,0.011251169999999998,0
8_876,133853,J. Kucharski,133854.0,A. Segecic,0.0586282,0.433,0.1354,18573,J. Lolley,0.08938712,0.030758920000000002,0
8_878,973078,F. Talladira,50971.0,Y. Dukuly,0.00164628,0.9684,0.0017,51646,J. Yull,0.006068860000000001,0.004422580000000001,0
8_880,28293,Léo Sena,18573.0,J. Lolley,0.00353556,0.5796,0.0061,133854,A. Segecic,0.00722449,0.00368893,0
8_881,973078,F. Talladira,809759.0,P. Kikianis,0.00029687999999999996,0.9896,0.0003,809759,P. Kikianis,0.00029687999999999996,0.0,1
8_882,809759,P. Kikianis,973078.0,F. Talladira,0.00039716,0.9929,0.0004,560893,E. Alagich,0.0008877000000000001,0.00049054,0
8_883,973078,F. Talladira,50971.0,Y. Dukuly,0.0012338,0.6169,0.002,50971,Y. Dukuly,0.0012338,0.0,1
8_884,560893,E. Alagich,51646.0,J. Yull,0.0057504,0.9584,0.006,797295,L. Jovanovic,0.01319944,0.00744904,0
8_885,51646,J. Yull,51005.0,D. Pierias,0.012001999999999999,0.8825,0.0136,42513,Z. Clough,0.04184367,0.02984167,0
8_888,26766,B. Vriends,51646.0,J. Yull,0.00179568,0.9976,0.0018,51646,J. Yull,0.00179568,0.0,1
8_889,51646,J. Yull,809759.0,P. Kikianis,0.0008966699999999999,0.9963,0.0009,42513,Z. Clough,0.005746810000000001,0.004850140000000001,0
8_890,809759,P. Kikianis,973078.0,F. Talladira,0.00428495,0.9965,0.0043,973078,F. Talladira,0.00428495,0.0,1
8_891,973078,F. Talladira,50971.0,Y. Dukuly,0.0054009999999999996,0.982,0.0055,51646,J. Yull,0.007479749999999999,0.00207875,0
8_892,50971,Y. Dukuly,560893.0,E. Alagich,0.0129495,0.6675,0.0194,560895,Isaias,0.01691835,0.0039688499999999995,0
8_893,560893,E. Alagich,50971.0,Y. Dukuly,0.01307119,0.3641,0.0359,797295,L. Jovanovic,0.02825025,0.015179060000000001,0
8_894,50971,Y. Dukuly,797295.0,L. Jovanovic,0.02640086,0.7354,0.0359,42513,Z. Clough,0.10203336,0.0756325,0
8_895,51045,A. Cáceres,133853.0,J. Kucharski,0.00129708,0.7206,0.0018,17231,P. Klimala,0.00180687,0.00050979,0
8_896,133853,J. Kucharski,17231.0,P. Klimala,0.01338469,0.4939,0.0271,17231,P. Klimala,0.01338469,0.0,1
8_897,809759,P. Kikianis,50971.0,Y. Dukuly,0.01051688,0.7733,0.0136,560893,E. Alagich,0.0174981,0.00698122,0
8_898,28293,Léo Sena,133852.0,C. Hollman,8.734e-05,0.8734,0.0001,17231,P. Klimala,0.00186554,0.0017782,0
8_899,133852,C. Hollman,133854.0,A. Segecic,0.0002473,0.4946,0.0005,17231,P. Klimala,0.00145881,0.00121151,0
8_900,133854,A. Segecic,28293.0,Léo Sena,0.0007212,0.9015,0.0008,28293,Léo Sena,0.0007212,0.0,1
8_901,28293,Léo Sena,17231.0,P. Klimala,0.00235926,0.8738,0.0027,133853,J. Kucharski,0.0038515800000000003,0.00149232,0
8_902,17231,P. Klimala,133854.0,A. Segecic,0.00500426,0.9442,0.0053,133853,J. Kucharski,0.0086256,0.0036213400000000007,0
8_903,133854,A. Segecic,18573.0,J. Lolley,0.00127452,0.9804,0.0013,17231,P. Klimala,0.0027257600000000002,0.0014512400000000003,0
8_905,51000,J. Courtney-Perkins,133853.0,J. Kucharski,0.0040419,0.7485,0.0054,133853,J. Kucharski,0.0040419,0.0,1
8_907,51045,A. Cáceres,2858.0,Douglas Costa,0.007409879999999999,0.9148,0.0081,2858,Douglas Costa,0.007409879999999999,0.0,1
8_908,2858,Douglas Costa,28293.0,Léo Sena,0.00972327,0.9627,0.0101,28293,Léo Sena,0.00972327,0.0,1
8_909,28293,Léo Sena,2858.0,Douglas Costa,0.0038472,0.9618,0.004,133854,A. Segecic,0.01362592,0.00977872,0
8_910,2858,Douglas Costa,51000.0,J. Courtney-Perkins,0.00529017,0.9281,0.0057,51000,J. Courtney-Perkins,0.00529017,0.0,1
8_911,51000,J. Courtney-Perkins,51045.0,A. Cáceres,0.00807245,0.9497,0.0085,133853,J. Kucharski,0.036739770000000005,0.028667320000000003,0
8_912,51045,A. Cáceres,133854.0,A. Segecic,0.011785950000000002,0.7143,0.0165,2858,Douglas Costa,0.0146229,0.002836949999999998,0
8_913,133854,A. Segecic,51045.0,A. Cáceres,0.02913065,0.7981,0.0365,2858,Douglas Costa,0.042283799999999996,0.013153149999999995,0
8_916,560895,Isaias,560893.0,E. Alagich,0.00129649,0.9973,0.0013,560893,E. Alagich,0.00129649,0.0,1
8_917,560893,E. Alagich,809759.0,P. Kikianis,0.00049805,0.9961,0.0005,26766,B. Vriends,0.0004989,8.500000000000478e-07,0
8_918,809759,P. Kikianis,560895.0,Isaias,0.0014926,0.7463,0.002,560895,Isaias,0.0014926,0.0,1
8_919,560895,Isaias,560893.0,E. Alagich,0.00227194,0.9878,0.0023,560893,E. Alagich,0.00227194,0.0,1
8_920,560893,E. Alagich,962802.0,R. White,0.0048920000000000005,0.9784,0.005,808608,A. Ayoubi,0.00898236,0.0040903599999999995,0
8_921,133852,C. Hollman,28293.0,Léo Sena,0.0020889000000000003,0.9495,0.0022,28293,Léo Sena,0.0020889000000000003,0.0,1
8_922,28293,Léo Sena,998256.0,K. Shaw,0.0005778,0.963,0.0006,18573,J. Lolley,0.006662700000000001,0.006084900000000001,0
8_923,998256,K. Shaw,51000.0,J. Courtney-Perkins,0.0004987500000000001,0.9975,0.0005,133853,J. Kucharski,0.00477306,0.00427431,0
8_924,51000,J. Courtney-Perkins,51045.0,A. Cáceres,0.00147904,0.9244,0.0016,51045,A. Cáceres,0.00147904,0.0,1
8_925,51045,A. Cáceres,51000.0,J. Courtney-Perkins,0.004233730000000001,0.6319,0.0067,133853,J. Kucharski,0.008032590000000001,0.0037988600000000003,0
8_926,51000,J. Courtney-Perkins,133853.0,J. Kucharski,0.01715549,0.6523,0.0263,133853,J. Kucharski,0.01715549,0.0,1
8_927,133853,J. Kucharski,51045.0,A. Cáceres,0.00724432,0.9532,0.0076,51000,J. Courtney-Perkins,0.01892976,0.01168544,0
8_928,51045,A. Cáceres,28293.0,Léo Sena,0.00403194,0.9834,0.0041,2858,Douglas Costa,0.01039143,0.00635949,0
8_929,808608,A. Ayoubi,797295.0,L. Jovanovic,0.0034293600000000002,0.7794,0.0044,797295,L. Jovanovic,0.0034293600000000002,0.0,1
8_930,26766,B. Vriends,51005.0,D. Pierias,0.00059916,0.9986,0.0006,51005,D. Pierias,0.00059916,0.0,1
8_931,51005,D. Pierias,26766.0,B. Vriends,0.00029948999999999997,0.9983,0.0003,808608,A. Ayoubi,0.0054214400000000005,0.00512195,0
8_932,26766,B. Vriends,809759.0,P. Kikianis,9.995e-05,0.9995,0.0001,809759,P. Kikianis,9.995e-05,0.0,1
8_933,809759,P. Kikianis,973078.0,F. Talladira,0.0009816,0.9816,0.001,973078,F. Talladira,0.0009816,0.0,1
8_934,973078,F. Talladira,50971.0,Y. Dukuly,0.00420291,0.2747,0.0153,962802,R. White,0.00793298,0.0037300699999999994,0
8_936,998256,K. Shaw,133853.0,J. Kucharski,0.00788025,0.4503,0.0175,133853,J. Kucharski,0.00788025,0.0,1
8_939,962802,R. White,50971.0,Y. Dukuly,0.006404909999999999,0.6887,0.0093,50971,Y. Dukuly,0.006404909999999999,0.0,1
8_940,560895,Isaias,962802.0,R. White,0.0024773,0.3539,0.007,962802,R. White,0.0024773,0.0,1
8_941,962802,R. White,560895.0,Isaias,0.00214256,0.7652,0.0028,560893,E. Alagich,0.0025836,0.0004410400000000002,0
8_942,560895,Isaias,962802.0,R. White,0.00678944,0.6928,0.0098,962802,R. White,0.00678944,0.0,1
8_943,560893,E. Alagich,50971.0,Y. Dukuly,0.007741799999999999,0.3519,0.022,962802,R. White,0.01155025,0.0038084500000000006,0
8_944,560895,Isaias,26766.0,B. Vriends,0.0033932,0.998,0.0034,51005,D. Pierias,0.0229676,0.019574400000000002,0
8_945,26766,B. Vriends,808608.0,A. Ayoubi,0.00626472,0.9944,0.0063,808608,A. Ayoubi,0.00626472,0.0,1
8_946,808608,A. Ayoubi,560895.0,Isaias,0.010198239999999999,0.9806,0.0104,962802,R. White,0.0132968,0.00309856,0
8_947,560895,Isaias,808608.0,A. Ayoubi,0.0372027,0.6915,0.0538,808608,A. Ayoubi,0.0372027,0.0,1
8_949,51005,D. Pierias,962802.0,R. White,0.0042065,0.895,0.0047,560895,Isaias,0.004849,0.0006424999999999998,0
8_950,962802,R. White,808608.0,A. Ayoubi,0.00998601,0.7863,0.0127,808608,A. Ayoubi,0.00998601,0.0,1
8_951,808608,A. Ayoubi,797295.0,L. Jovanovic,0.01125903,0.1427,0.0789,797295,L. Jovanovic,0.01125903,0.0,1
8_952,26766,B. Vriends,809759.0,P. Kikianis,0.0007991200000000001,0.9989,0.0008,809759,P. Kikianis,0.0007991200000000001,0.0,1
8_953,809759,P. Kikianis,808608.0,A. Ayoubi,0.0114471,0.711,0.0161,51005,D. Pierias,0.01195122,0.0005041200000000003,0
8_954,808608,A. Ayoubi,797295.0,L. Jovanovic,0.01965285,0.2569,0.0765,962802,R. White,0.02322972,0.0035768699999999994,0
8_958,809759,P. Kikianis,560893.0,E. Alagich,9.778e-05,0.9778,0.0001,26766,B. Vriends,0.00076888,0.0006711,0
8_959,560893,E. Alagich,973078.0,F. Talladira,0.00129571,0.9967,0.0013,50971,Y. Dukuly,0.004377659999999999,0.003081949999999999,0
8_960,973078,F. Talladira,50971.0,Y. Dukuly,0.001881,0.99,0.0019,50971,Y. Dukuly,0.001881,0.0,1
8_961,50971,Y. Dukuly,560895.0,Isaias,0.00267408,0.9904,0.0027,560893,E. Alagich,0.009275499999999999,0.0066014199999999985,0
8_962,560895,Isaias,808608.0,A. Ayoubi,0.0125268,0.876,0.0143,51005,D. Pierias,0.012929760000000002,0.00040296000000000255,0
8_963,808608,A. Ayoubi,962802.0,R. White,0.0214968,0.8268,0.026,51005,D. Pierias,0.027295979999999997,0.0057991799999999975,0
8_964,962802,R. White,51005.0,D. Pierias,0.040742099999999996,0.9366,0.0435,51005,D. Pierias,0.040742099999999996,0.0,1
8_966,797295,L. Jovanovic,962802.0,R. White,0.009216,0.72,0.0128,808608,A. Ayoubi,0.017505,0.008289,0
8_967,962802,R. White,808608.0,A. Ayoubi,0.02571422,0.9667,0.0266,51005,D. Pierias,0.03812816,0.012413940000000002,0
8_968,808608,A. Ayoubi,797295.0,L. Jovanovic,0.04088455,0.2935,0.1393,51005,D. Pierias,0.058183130000000007,0.017298580000000008,0
8_970,2858,Douglas Costa,28293.0,Léo Sena,0.00043005,0.8601,0.0005,133853,J. Kucharski,0.0019187000000000002,0.0014886500000000002,0
8_971,28293,Léo Sena,2858.0,Douglas Costa,0.00029131999999999997,0.7283,0.0004,133853,J. Kucharski,0.00288636,0.0025950400000000003,0
8_972,2858,Douglas Costa,133853.0,J. Kucharski,0.0018070999999999999,0.5315,0.0034,133853,J. Kucharski,0.0018070999999999999,0.0,1
8_973,133853,J. Kucharski,133854.0,A. Segecic,0.00630225,0.8403,0.0075,133854,A. Segecic,0.00630225,0.0,1
8_974,133854,A. Segecic,28293.0,Léo Sena,0.0031643699999999997,0.9589,0.0033,133853,J. Kucharski,0.0038891600000000004,0.0007247900000000008,0
8_975,51045,A. Cáceres,2858.0,Douglas Costa,0.00932608,0.7286,0.0128,2858,Douglas Costa,0.00932608,0.0,1
8_978,560895,Isaias,808608.0,A. Ayoubi,0.00462753,0.5713,0.0081,808608,A. Ayoubi,0.00462753,0.0,1
8_981,28293,Léo Sena,51000.0,J. Courtney-Perkins,0.0019782,0.942,0.0021,133853,J. Kucharski,0.00306999,0.00109179,0
8_982,51000,J. Courtney-Perkins,133853.0,J. Kucharski,0.0052458,0.3747,0.014,133853,J. Kucharski,0.0052458,0.0,1
8_983,26766,B. Vriends,809070.0,E. Cox,0.0,0.9983,0.0,809070,E. Cox,0.0,0.0,1
8_984,809070,E. Cox,809759.0,P. Kikianis,9.279e-05,0.9279,0.0001,962802,R. White,0.00098016,0.0008873700000000001,0
8_985,809759,P. Kikianis,26766.0,B. Vriends,0.00029363999999999996,0.9788,0.0003,560895,Isaias,0.000473,0.00017936000000000004,0
8_986,26766,B. Vriends,51005.0,D. Pierias,0.00019746,0.9873,0.0002,797295,L. Jovanovic,0.0016275,0.00143004,0
8_987,51005,D. Pierias,808608.0,A. Ayoubi,0.00173556,0.9642,0.0018,808608,A. Ayoubi,0.00173556,0.0,1
8_989,560895,Isaias,560893.0,E. Alagich,0.0021792,0.908,0.0024,560893,E. Alagich,0.0021792,0.0,1
8_990,560893,E. Alagich,973078.0,F. Talladira,0.00156816,0.9801,0.0016,973078,F. Talladira,0.00156816,0.0,1
8_991,973078,F. Talladira,50971.0,Y. Dukuly,0.004154639999999999,0.9892,0.0042,962802,R. White,0.011831250000000001,0.007676610000000002,0
8_992,50971,Y. Dukuly,560895.0,Isaias,0.02613248,0.3712,0.0704,797295,L. Jovanovic,0.03191685,0.005784369999999997,0
8_994,28293,Léo Sena,133852.0,C. Hollman,8.716000000000001e-05,0.8716,0.0001,133854,A. Segecic,0.00028146,0.00019429999999999995,0
8_995,133852,C. Hollman,2858.0,Douglas Costa,0.00103626,0.5757,0.0018,2858,Douglas Costa,0.00103626,0.0,1
8_997,51005,D. Pierias,560895.0,Isaias,0.0005977199999999999,0.9962,0.0006,808608,A. Ayoubi,0.00239031,0.0017925900000000002,0
8_998,560895,Isaias,26766.0,B. Vriends,0.00039772,0.9943,0.0004,26766,B. Vriends,0.00039772,0.0,1
8_999,26766,B. Vriends,560893.0,E. Alagich,0.0003996,0.999,0.0004,560893,E. Alagich,0.0003996,0.0,1
8_1000,560893,E. Alagich,973078.0,F. Talladira,0.00127348,0.9796,0.0013,560895,Isaias,0.00248875,0.00121527,0
8_1001,973078,F. Talladira,50971.0,Y. Dukuly,0.00599142,0.9822,0.0061,797295,L. Jovanovic,0.02322252,0.0172311,0
